{"stats":{"minecraft:mined":{"minecraft:large_amethyst_bud":2,"minecraft:tuff":15,"minecraft:white_bed":4,"minecraft:deepslate_diamond_ore":34,"minecraft:obsidian":7,"minecraft:granite":2,"minecraft:budding_amethyst":1,"minecraft:acacia_log":4,"minecraft:grass_block":5,"minecraft:hay_block":9,"minecraft:furnace":2,"minecraft:iron_ore":10,"minecraft:cobbled_deepslate":1,"minecraft:andesite":11,"minecraft:bookshelf":5,"minecraft:cave_vines":1,"minecraft:deepslate_iron_ore":3,"minecraft:oak_stairs":2,"minecraft:stripped_oak_log":4,"minecraft:bamboo":1,"minecraft:stone":73,"minecraft:tripwire":1,"minecraft:amethyst_cluster":1,"minecraft:crafting_table":13,"minecraft:short_grass":15,"minecraft:melon":1,"minecraft:diorite":1,"minecraft:coal_ore":8,"minecraft:oak_log":19,"minecraft:gravel":1,"minecraft:dirt":14,"minecraft:gold_ore":8,"minecraft:oak_leaves":8,"minecraft:deepslate":83},"minecraft:dropped":{"minecraft:wheat_seeds":5,"minecraft:lead":1,"minecraft:granite":2,"minecraft:stick":4,"minecraft:dirt":1,"minecraft:diorite":1,"minecraft:bone":4,"minecraft:stone_axe":1,"minecraft:tuff":15,"minecraft:oak_planks":16,"minecraft:white_bed":1,"minecraft:gunpowder":1,"minecraft:andesite":11,"minecraft:oak_sapling":1,"minecraft:spider_eye":1,"minecraft:diamond_boots":2,"minecraft:arrow":1,"minecraft:wooden_pickaxe":1},"minecraft:custom":{"minecraft:mob_kills":18,"minecraft:interact_with_anvil":8,"minecraft:interact_with_crafting_table":29,"minecraft:leave_game":5,"minecraft:time_since_death":132643,"minecraft:climb_one_cm":58,"minecraft:sprint_one_cm":265628,"minecraft:walk_one_cm":364208,"minecraft:damage_blocked_by_shield":385,"minecraft:drop":27,"minecraft:talked_to_villager":85,"minecraft:play_time":132643,"minecraft:sneak_time":4286,"minecraft:walk_under_water_one_cm":4987,"minecraft:boat_one_cm":47146,"minecraft:jump":2398,"minecraft:interact_with_blast_furnace":1,"minecraft:walk_on_water_one_cm":12116,"minecraft:total_world_time":132643,"minecraft:interact_with_furnace":26,"minecraft:traded_with_villager":450,"minecraft:sleep_in_bed":5,"minecraft:time_since_rest":9549,"minecraft:damage_taken":253,"minecraft:damage_dealt":3552,"minecraft:swim_one_cm":26560,"minecraft:fly_one_cm":410667,"minecraft:player_kills":1,"minecraft:open_chest":37,"minecraft:crouch_one_cm":11894,"minecraft:fall_one_cm":57170},"minecraft:killed":{"minecraft:spider":2,"minecraft:skeleton":3,"minecraft:iron_golem":1,"minecraft:wandering_trader":1,"minecraft:sheep":6,"minecraft:trader_llama":1,"minecraft:zombie":3},"minecraft:crafted":{"minecraft:oak_door":3,"minecraft:oak_planks":92,"minecraft:furnace":1,"minecraft:bookshelf":5,"minecraft:cooked_mutton":13,"minecraft:diamond_helmet":1,"minecraft:diamond_leggings":1,"minecraft:stone_pickaxe":1,"minecraft:chest":3,"minecraft:diamond_boots":2,"minecraft:diamond_sword":1,"minecraft:arrow":192,"minecraft:emerald":418,"minecraft:diamond_axe":1,"minecraft:crafting_table":1,"minecraft:wooden_pickaxe":1,"minecraft:bucket":1,"minecraft:stone_axe":1,"minecraft:enchanted_book":12,"minecraft:bread":60,"minecraft:air":0,"minecraft:oak_boat":1,"minecraft:diamond_pickaxe":1,"minecraft:shield":1,"minecraft:stick":16,"minecraft:iron_pickaxe":1,"minecraft:iron_ingot":8,"minecraft:white_bed":2,"minecraft:diamond_chestplate":1},"minecraft:picked_up":{"minecraft:crafting_table":13,"minecraft:lead":2,"minecraft:oak_stairs":1,"minecraft:string":8232,"minecraft:cobbled_deepslate":99,"minecraft:oak_boat":2,"minecraft:calcite":8,"minecraft:poppy":2,"minecraft:melon_slice":7,"minecraft:furnace":2,"minecraft:raw_iron":13,"minecraft:stick":1,"minecraft:diorite":1,"minecraft:arrow":1,"minecraft:rotten_flesh":4,"minecraft:diamond_boots":1,"minecraft:hay_block":8,"minecraft:mutton":11,"minecraft:obsidian":7,"minecraft:white_wool":6,"minecraft:cobblestone":73,"minecraft:stripped_oak_log":4,"minecraft:andesite":11,"minecraft:tuff":15,"minecraft:oak_log":19,"minecraft:gunpowder":1,"minecraft:dirt":26,"minecraft:bone":4,"minecraft:bow":1,"minecraft:wheat_seeds":6,"minecraft:raw_gold":8,"minecraft:iron_ingot":7,"minecraft:bamboo":9,"minecraft:oak_planks":1,"minecraft:book":12,"minecraft:smooth_basalt":5,"minecraft:gravel":1,"minecraft:amethyst_shard":4,"minecraft:white_bed":3,"minecraft:spider_eye":1,"minecraft:diamond_shovel":2,"minecraft:diamond":34,"minecraft:granite":2,"minecraft:oak_sapling":2,"minecraft:coal":18},"minecraft:used":{"minecraft:chest":3,"minecraft:shield":11,"minecraft:rotten_flesh":4,"minecraft:dirt":11,"minecraft:diamond_helmet":2,"minecraft:obsidian":6,"minecraft:bookshelf":5,"minecraft:smooth_basalt":5,"minecraft:diamond_chestplate":1,"minecraft:furnace":2,"minecraft:cobbled_deepslate":98,"minecraft:cooked_mutton":8,"minecraft:water_bucket":8,"minecraft:diamond_boots":5,"minecraft:stone_pickaxe":40,"minecraft:wooden_pickaxe":28,"minecraft:diamond_axe":3,"minecraft:glow_berries":5,"minecraft:crafting_table":13,"minecraft:white_bed":4,"minecraft:diamond_pickaxe":37,"minecraft:bread":6,"minecraft:string":2,"minecraft:iron_pickaxe":162,"minecraft:stone_axe":77,"minecraft:cobblestone":59,"minecraft:bucket":9,"minecraft:oak_boat":2,"minecraft:diamond_leggings":1}},"DataVersion":3700}