{"stats":{"minecraft:mined":{"minecraft:large_amethyst_bud":2,"minecraft:tuff":15,"minecraft:white_bed":5,"minecraft:deepslate_diamond_ore":34,"minecraft:oak_door":2,"minecraft:jungle_leaves":1,"minecraft:end_stone":33,"minecraft:obsidian":7,"minecraft:nether_bricks":1,"minecraft:granite":2,"minecraft:budding_amethyst":1,"minecraft:acacia_log":4,"minecraft:grass_block":7,"minecraft:jungle_log":1,"minecraft:soul_soil":6,"minecraft:spawner":1,"minecraft:hay_block":9,"minecraft:redstone_ore":2,"minecraft:furnace":2,"minecraft:iron_ore":45,"minecraft:cobbled_deepslate":1,"minecraft:fire":1,"minecraft:andesite":17,"minecraft:nether_brick_fence":1,"minecraft:bookshelf":12,"minecraft:cave_vines":1,"minecraft:deepslate_iron_ore":22,"minecraft:oak_stairs":2,"minecraft:stripped_oak_log":16,"minecraft:bamboo":1,"minecraft:stone":124,"minecraft:white_wool":4,"minecraft:tripwire":3,"minecraft:soul_sand":1,"minecraft:amethyst_cluster":1,"minecraft:crafting_table":15,"minecraft:short_grass":20,"minecraft:melon":1,"minecraft:diorite":16,"minecraft:oak_log":24,"minecraft:coal_ore":8,"minecraft:gravel":1,"minecraft:dirt":21,"minecraft:netherrack":5,"minecraft:gold_ore":8,"minecraft:oak_leaves":13,"minecraft:deepslate":93,"minecraft:fern":1},"minecraft:dropped":{"minecraft:iron_ingot":15,"minecraft:crimson_stem":2,"minecraft:bread":9,"minecraft:porkchop":20,"minecraft:wheat_seeds":6,"minecraft:crafting_table":1,"minecraft:lead":1,"minecraft:leather":8,"minecraft:granite":2,"minecraft:flint":4,"minecraft:stick":5,"minecraft:dirt":7,"minecraft:diorite":1,"minecraft:crimson_roots":2,"minecraft:string":19,"minecraft:bone":6,"minecraft:oak_door":6,"minecraft:stone_axe":1,"minecraft:golden_chestplate":1,"minecraft:blaze_rod":5,"minecraft:cobbled_deepslate":1,"minecraft:tuff":15,"minecraft:rotten_flesh":4,"minecraft:oak_planks":16,"minecraft:nether_brick_fence":1,"minecraft:white_bed":1,"minecraft:nether_bricks":2,"minecraft:suspicious_stew":1,"minecraft:gunpowder":1,"minecraft:dragon_egg":1,"minecraft:andesite":11,"minecraft:oak_sapling":2,"minecraft:spider_eye":1,"minecraft:diamond_boots":2,"minecraft:arrow":1,"minecraft:wooden_pickaxe":1,"minecraft:stone_pickaxe":1,"minecraft:netherrack":1,"minecraft:egg":1},"minecraft:custom":{"minecraft:interact_with_anvil":22,"minecraft:mob_kills":32,"minecraft:interact_with_crafting_table":36,"minecraft:open_barrel":1,"minecraft:leave_game":13,"minecraft:time_since_death":77544,"minecraft:climb_one_cm":1453,"minecraft:sprint_one_cm":542645,"minecraft:walk_one_cm":672334,"minecraft:damage_blocked_by_shield":550,"minecraft:drop":73,"minecraft:talked_to_villager":169,"minecraft:play_time":291393,"minecraft:sneak_time":11600,"minecraft:deaths":2,"minecraft:walk_under_water_one_cm":26850,"minecraft:boat_one_cm":156802,"minecraft:jump":5022,"minecraft:interact_with_blast_furnace":1,"minecraft:walk_on_water_one_cm":23026,"minecraft:total_world_time":291393,"minecraft:interact_with_furnace":47,"minecraft:traded_with_villager":1063,"minecraft:interact_with_grindstone":1,"minecraft:sleep_in_bed":12,"minecraft:time_since_rest":40033,"minecraft:open_enderchest":2,"minecraft:damage_taken":1556,"minecraft:damage_dealt":5793,"minecraft:player_kills":1,"minecraft:swim_one_cm":47072,"minecraft:fly_one_cm":1707121,"minecraft:open_chest":101,"minecraft:crouch_one_cm":48699,"minecraft:fall_one_cm":131829},"minecraft:killed":{"minecraft:spider":2,"minecraft:skeleton":4,"minecraft:silverfish":2,"minecraft:drowned":1,"minecraft:iron_golem":1,"minecraft:wandering_trader":1,"minecraft:creeper":1,"minecraft:sheep":6,"minecraft:trader_llama":1,"minecraft:zombie":5,"minecraft:ghast":1,"minecraft:enderman":1,"minecraft:blaze":3},"minecraft:crafted":{"minecraft:oak_door":6,"minecraft:oak_planks":128,"minecraft:furnace":1,"minecraft:bookshelf":12,"minecraft:cooked_mutton":13,"minecraft:oak_trapdoor":2,"minecraft:bow":1,"minecraft:diamond_helmet":2,"minecraft:diamond_leggings":2,"minecraft:stone_pickaxe":1,"minecraft:chest":3,"minecraft:diamond_boots":2,"minecraft:diamond_sword":2,"minecraft:arrow":336,"minecraft:emerald":979,"minecraft:diamond_axe":2,"minecraft:crafting_table":3,"minecraft:wooden_pickaxe":1,"minecraft:bucket":1,"minecraft:stone_axe":1,"minecraft:enchanted_book":34,"minecraft:air":0,"minecraft:bread":120,"minecraft:jungle_planks":4,"minecraft:oak_boat":2,"minecraft:diamond_pickaxe":1,"minecraft:shield":1,"minecraft:stick":20,"minecraft:iron_ingot":62,"minecraft:iron_pickaxe":1,"minecraft:iron_block":3,"minecraft:anvil":1,"minecraft:white_bed":3,"minecraft:diamond_chestplate":2},"minecraft:picked_up":{"minecraft:crafting_table":15,"minecraft:nether_brick_fence":1,"minecraft:suspicious_stew":1,"minecraft:lead":2,"minecraft:oak_stairs":1,"minecraft:string":15678,"minecraft:soul_soil":6,"minecraft:elytra":1,"minecraft:cobbled_deepslate":99,"minecraft:oak_boat":5,"minecraft:calcite":8,"minecraft:ender_eye":1,"minecraft:poppy":2,"minecraft:melon_slice":7,"minecraft:furnace":2,"minecraft:egg":1,"minecraft:stick":1,"minecraft:raw_iron":67,"minecraft:end_stone":31,"minecraft:oak_door":5,"minecraft:torch":1,"minecraft:porkchop":40,"minecraft:diorite":2,"minecraft:golden_chestplate":1,"minecraft:arrow":1,"minecraft:rotten_flesh":8,"minecraft:nether_bricks":2,"minecraft:diamond_boots":1,"minecraft:hay_block":8,"minecraft:blaze_rod":10,"minecraft:obsidian":7,"minecraft:mutton":11,"minecraft:white_wool":403,"minecraft:cobblestone":104,"minecraft:stripped_oak_log":16,"minecraft:crimson_stem":2,"minecraft:andesite":11,"minecraft:jungle_log":1,"minecraft:leather":8,"minecraft:flint":4,"minecraft:oak_log":24,"minecraft:tuff":15,"minecraft:gunpowder":1,"minecraft:dirt":27,"minecraft:bone":6,"minecraft:bow":1,"minecraft:wheat_seeds":6,"minecraft:raw_gold":8,"minecraft:iron_ingot":7,"minecraft:bamboo":9,"minecraft:oak_planks":1,"minecraft:soul_sand":1,"minecraft:book":36,"minecraft:smooth_basalt":5,"minecraft:gravel":2,"minecraft:amethyst_shard":4,"minecraft:white_bed":4,"minecraft:spider_eye":1,"minecraft:dragon_egg":1,"minecraft:diamond_shovel":3,"minecraft:diamond":34,"minecraft:granite":2,"minecraft:bread":24,"minecraft:emerald":378,"minecraft:ender_pearl":9,"minecraft:oak_sapling":3,"minecraft:netherrack":3,"minecraft:coal":18,"minecraft:crimson_roots":2,"minecraft:diamond_pickaxe":2},"minecraft:used":{"minecraft:oak_trapdoor":1,"minecraft:chest":3,"minecraft:shield":13,"minecraft:rotten_flesh":4,"minecraft:netherrack":2,"minecraft:oak_door":2,"minecraft:soul_sand":1,"minecraft:dirt":12,"minecraft:anvil":1,"minecraft:diamond_helmet":3,"minecraft:obsidian":6,"minecraft:bookshelf":12,"minecraft:smooth_basalt":5,"minecraft:diamond_chestplate":2,"minecraft:bow":79,"minecraft:soul_soil":6,"minecraft:furnace":2,"minecraft:cobbled_deepslate":98,"minecraft:cooked_mutton":8,"minecraft:water_bucket":43,"minecraft:diorite":1,"minecraft:diamond_boots":6,"minecraft:stone_pickaxe":40,"minecraft:ender_pearl":6,"minecraft:wooden_pickaxe":28,"minecraft:diamond_axe":30,"minecraft:white_wool":333,"minecraft:glow_berries":5,"minecraft:crafting_table":16,"minecraft:white_bed":5,"minecraft:end_stone":29,"minecraft:ender_eye":1,"minecraft:diamond_pickaxe":224,"minecraft:diamond_shovel":11,"minecraft:bread":40,"minecraft:string":6,"minecraft:iron_pickaxe":162,"minecraft:stone_axe":77,"minecraft:diamond_sword":64,"minecraft:cobblestone":59,"minecraft:bucket":45,"minecraft:diamond_leggings":2,"minecraft:oak_boat":6}},"DataVersion":3700}