{"stats":{"minecraft:mined":{"minecraft:large_amethyst_bud":2,"minecraft:tuff":15,"minecraft:white_bed":4,"minecraft:deepslate_diamond_ore":34,"minecraft:amethyst_cluster":1,"minecraft:obsidian":7,"minecraft:crafting_table":13,"minecraft:granite":2,"minecraft:budding_amethyst":1,"minecraft:short_grass":15,"minecraft:acacia_log":4,"minecraft:melon":1,"minecraft:grass_block":5,"minecraft:diorite":1,"minecraft:hay_block":9,"minecraft:furnace":2,"minecraft:iron_ore":10,"minecraft:cobbled_deepslate":1,"minecraft:andesite":11,"minecraft:cave_vines":1,"minecraft:oak_log":19,"minecraft:coal_ore":8,"minecraft:deepslate_iron_ore":3,"minecraft:oak_stairs":2,"minecraft:gravel":1,"minecraft:dirt":14,"minecraft:bamboo":1,"minecraft:stone":73,"minecraft:tripwire":1,"minecraft:gold_ore":8,"minecraft:oak_leaves":8,"minecraft:deepslate":83},"minecraft:dropped":{"minecraft:wheat_seeds":4,"minecraft:tuff":15,"minecraft:oak_planks":16,"minecraft:granite":2,"minecraft:white_bed":1,"minecraft:stick":2,"minecraft:gunpowder":1,"minecraft:diorite":1,"minecraft:andesite":11,"minecraft:oak_sapling":1,"minecraft:spider_eye":1,"minecraft:diamond_boots":2,"minecraft:bone":2},"minecraft:custom":{"minecraft:interact_with_furnace":21,"minecraft:mob_kills":16,"minecraft:traded_with_villager":163,"minecraft:interact_with_crafting_table":25,"minecraft:leave_game":5,"minecraft:time_since_death":108643,"minecraft:sleep_in_bed":3,"minecraft:climb_one_cm":58,"minecraft:time_since_rest":11763,"minecraft:sprint_one_cm":220862,"minecraft:damage_taken":245,"minecraft:walk_one_cm":303996,"minecraft:damage_blocked_by_shield":385,"minecraft:drop":17,"minecraft:damage_dealt":3112,"minecraft:player_kills":1,"minecraft:swim_one_cm":26560,"minecraft:talked_to_villager":18,"minecraft:fly_one_cm":340751,"minecraft:open_chest":23,"minecraft:play_time":108643,"minecraft:crouch_one_cm":11815,"minecraft:sneak_time":4237,"minecraft:walk_under_water_one_cm":4987,"minecraft:boat_one_cm":47146,"minecraft:jump":2018,"minecraft:interact_with_blast_furnace":1,"minecraft:walk_on_water_one_cm":12116,"minecraft:total_world_time":108643,"minecraft:fall_one_cm":46540},"minecraft:killed":{"minecraft:spider":2,"minecraft:iron_golem":1,"minecraft:sheep":6,"minecraft:skeleton":3,"minecraft:zombie":3},"minecraft:crafted":{"minecraft:oak_door":3,"minecraft:oak_planks":76,"minecraft:emerald":163,"minecraft:crafting_table":1,"minecraft:wooden_pickaxe":1,"minecraft:furnace":1,"minecraft:bucket":1,"minecraft:stone_axe":1,"minecraft:bread":42,"minecraft:cooked_mutton":13,"minecraft:air":0,"minecraft:oak_boat":1,"minecraft:diamond_helmet":1,"minecraft:diamond_leggings":1,"minecraft:diamond_pickaxe":1,"minecraft:shield":1,"minecraft:stick":12,"minecraft:iron_ingot":8,"minecraft:iron_pickaxe":1,"minecraft:stone_pickaxe":1,"minecraft:chest":3,"minecraft:diamond_boots":2,"minecraft:white_bed":2,"minecraft:diamond_chestplate":1},"minecraft:picked_up":{"minecraft:crafting_table":13,"minecraft:andesite":11,"minecraft:oak_stairs":1,"minecraft:tuff":15,"minecraft:oak_log":19,"minecraft:gunpowder":1,"minecraft:dirt":19,"minecraft:string":3317,"minecraft:bone":4,"minecraft:bow":1,"minecraft:wheat_seeds":5,"minecraft:cobbled_deepslate":98,"minecraft:raw_gold":8,"minecraft:iron_ingot":7,"minecraft:oak_boat":2,"minecraft:calcite":8,"minecraft:poppy":2,"minecraft:bamboo":9,"minecraft:melon_slice":7,"minecraft:furnace":2,"minecraft:raw_iron":13,"minecraft:smooth_basalt":5,"minecraft:gravel":1,"minecraft:amethyst_shard":4,"minecraft:diorite":1,"minecraft:white_bed":3,"minecraft:spider_eye":1,"minecraft:diamond_shovel":2,"minecraft:arrow":1,"minecraft:rotten_flesh":4,"minecraft:diamond":34,"minecraft:diamond_boots":1,"minecraft:hay_block":8,"minecraft:granite":2,"minecraft:oak_sapling":2,"minecraft:obsidian":7,"minecraft:mutton":11,"minecraft:coal":18,"minecraft:white_wool":6,"minecraft:cobblestone":73},"minecraft:used":{"minecraft:cooked_mutton":8,"minecraft:water_bucket":8,"minecraft:diamond_boots":5,"minecraft:stone_pickaxe":40,"minecraft:chest":3,"minecraft:wooden_pickaxe":28,"minecraft:shield":11,"minecraft:rotten_flesh":4,"minecraft:glow_berries":5,"minecraft:dirt":11,"minecraft:crafting_table":13,"minecraft:white_bed":4,"minecraft:diamond_helmet":1,"minecraft:obsidian":6,"minecraft:diamond_pickaxe":37,"minecraft:string":2,"minecraft:bread":3,"minecraft:iron_pickaxe":162,"minecraft:smooth_basalt":5,"minecraft:diamond_chestplate":1,"minecraft:stone_axe":67,"minecraft:cobblestone":59,"minecraft:furnace":2,"minecraft:bucket":9,"minecraft:oak_boat":2,"minecraft:diamond_leggings":1,"minecraft:cobbled_deepslate":98}},"DataVersion":3700}