{"stats":{"minecraft:mined":{"minecraft:large_amethyst_bud":2,"minecraft:tuff":15,"minecraft:white_bed":4,"minecraft:deepslate_diamond_ore":34,"minecraft:obsidian":7,"minecraft:nether_bricks":1,"minecraft:granite":2,"minecraft:budding_amethyst":1,"minecraft:acacia_log":4,"minecraft:grass_block":5,"minecraft:soul_soil":6,"minecraft:hay_block":9,"minecraft:furnace":2,"minecraft:fire":1,"minecraft:iron_ore":10,"minecraft:cobbled_deepslate":1,"minecraft:andesite":11,"minecraft:nether_brick_fence":1,"minecraft:bookshelf":5,"minecraft:cave_vines":1,"minecraft:deepslate_iron_ore":3,"minecraft:oak_stairs":2,"minecraft:stripped_oak_log":4,"minecraft:bamboo":1,"minecraft:stone":73,"minecraft:tripwire":2,"minecraft:soul_sand":1,"minecraft:amethyst_cluster":1,"minecraft:crafting_table":13,"minecraft:short_grass":15,"minecraft:melon":1,"minecraft:diorite":1,"minecraft:oak_log":19,"minecraft:coal_ore":8,"minecraft:gravel":1,"minecraft:dirt":14,"minecraft:netherrack":5,"minecraft:gold_ore":8,"minecraft:oak_leaves":8,"minecraft:deepslate":83},"minecraft:dropped":{"minecraft:bread":9,"minecraft:porkchop":20,"minecraft:wheat_seeds":6,"minecraft:lead":1,"minecraft:leather":8,"minecraft:granite":2,"minecraft:stick":4,"minecraft:flint":4,"minecraft:dirt":7,"minecraft:diorite":1,"minecraft:crimson_roots":2,"minecraft:string":6,"minecraft:bone":6,"minecraft:stone_axe":1,"minecraft:cobbled_deepslate":1,"minecraft:tuff":15,"minecraft:oak_planks":16,"minecraft:nether_brick_fence":1,"minecraft:white_bed":1,"minecraft:gunpowder":1,"minecraft:andesite":11,"minecraft:oak_sapling":1,"minecraft:spider_eye":1,"minecraft:diamond_boots":2,"minecraft:arrow":1,"minecraft:stone_pickaxe":1,"minecraft:wooden_pickaxe":1,"minecraft:netherrack":1},"minecraft:custom":{"minecraft:mob_kills":24,"minecraft:interact_with_anvil":13,"minecraft:interact_with_crafting_table":30,"minecraft:open_barrel":1,"minecraft:leave_game":8,"minecraft:time_since_death":158307,"minecraft:climb_one_cm":238,"minecraft:sprint_one_cm":315120,"minecraft:walk_one_cm":433960,"minecraft:damage_blocked_by_shield":445,"minecraft:drop":51,"minecraft:talked_to_villager":103,"minecraft:play_time":158307,"minecraft:sneak_time":5408,"minecraft:walk_under_water_one_cm":4987,"minecraft:boat_one_cm":52482,"minecraft:jump":2817,"minecraft:interact_with_blast_furnace":1,"minecraft:walk_on_water_one_cm":12116,"minecraft:total_world_time":158307,"minecraft:interact_with_furnace":26,"minecraft:traded_with_villager":498,"minecraft:sleep_in_bed":5,"minecraft:time_since_rest":35213,"minecraft:damage_taken":544,"minecraft:damage_dealt":4720,"minecraft:swim_one_cm":26560,"minecraft:fly_one_cm":470085,"minecraft:player_kills":1,"minecraft:open_chest":39,"minecraft:crouch_one_cm":15931,"minecraft:fall_one_cm":65894},"minecraft:killed":{"minecraft:spider":2,"minecraft:skeleton":4,"minecraft:iron_golem":1,"minecraft:wandering_trader":1,"minecraft:sheep":6,"minecraft:trader_llama":1,"minecraft:zombie":3,"minecraft:ghast":1,"minecraft:blaze":3},"minecraft:crafted":{"minecraft:oak_door":3,"minecraft:oak_planks":92,"minecraft:furnace":1,"minecraft:bookshelf":5,"minecraft:cooked_mutton":13,"minecraft:bow":1,"minecraft:diamond_helmet":1,"minecraft:diamond_leggings":1,"minecraft:stone_pickaxe":1,"minecraft:chest":3,"minecraft:diamond_boots":2,"minecraft:diamond_sword":1,"minecraft:arrow":192,"minecraft:emerald":464,"minecraft:diamond_axe":1,"minecraft:crafting_table":1,"minecraft:wooden_pickaxe":1,"minecraft:bucket":1,"minecraft:stone_axe":1,"minecraft:enchanted_book":13,"minecraft:bread":60,"minecraft:air":0,"minecraft:oak_boat":2,"minecraft:diamond_pickaxe":1,"minecraft:shield":1,"minecraft:stick":16,"minecraft:iron_pickaxe":1,"minecraft:iron_ingot":8,"minecraft:white_bed":2,"minecraft:diamond_chestplate":1},"minecraft:picked_up":{"minecraft:crafting_table":13,"minecraft:nether_brick_fence":1,"minecraft:lead":2,"minecraft:oak_stairs":1,"minecraft:string":8816,"minecraft:soul_soil":6,"minecraft:cobbled_deepslate":99,"minecraft:oak_boat":4,"minecraft:calcite":8,"minecraft:poppy":2,"minecraft:melon_slice":7,"minecraft:furnace":2,"minecraft:raw_iron":13,"minecraft:stick":1,"minecraft:porkchop":40,"minecraft:diorite":1,"minecraft:arrow":1,"minecraft:rotten_flesh":4,"minecraft:nether_bricks":2,"minecraft:diamond_boots":1,"minecraft:hay_block":8,"minecraft:blaze_rod":10,"minecraft:mutton":11,"minecraft:obsidian":7,"minecraft:white_wool":396,"minecraft:cobblestone":73,"minecraft:stripped_oak_log":4,"minecraft:crimson_stem":2,"minecraft:andesite":11,"minecraft:leather":8,"minecraft:flint":4,"minecraft:oak_log":19,"minecraft:tuff":15,"minecraft:gunpowder":1,"minecraft:dirt":26,"minecraft:bone":6,"minecraft:bow":1,"minecraft:wheat_seeds":6,"minecraft:raw_gold":8,"minecraft:iron_ingot":7,"minecraft:bamboo":9,"minecraft:soul_sand":1,"minecraft:oak_planks":1,"minecraft:book":15,"minecraft:smooth_basalt":5,"minecraft:gravel":1,"minecraft:amethyst_shard":4,"minecraft:white_bed":3,"minecraft:spider_eye":1,"minecraft:diamond_shovel":2,"minecraft:diamond":34,"minecraft:granite":2,"minecraft:bread":24,"minecraft:oak_sapling":2,"minecraft:netherrack":3,"minecraft:coal":18,"minecraft:crimson_roots":2},"minecraft:used":{"minecraft:chest":3,"minecraft:shield":12,"minecraft:netherrack":2,"minecraft:rotten_flesh":4,"minecraft:soul_sand":1,"minecraft:dirt":11,"minecraft:diamond_helmet":2,"minecraft:obsidian":6,"minecraft:bookshelf":5,"minecraft:smooth_basalt":5,"minecraft:diamond_chestplate":1,"minecraft:bow":7,"minecraft:soul_soil":6,"minecraft:furnace":2,"minecraft:cobbled_deepslate":98,"minecraft:cooked_mutton":8,"minecraft:water_bucket":8,"minecraft:diamond_boots":5,"minecraft:stone_pickaxe":40,"minecraft:wooden_pickaxe":28,"minecraft:diamond_axe":5,"minecraft:white_wool":9,"minecraft:glow_berries":5,"minecraft:crafting_table":13,"minecraft:white_bed":4,"minecraft:diamond_pickaxe":50,"minecraft:bread":15,"minecraft:string":4,"minecraft:iron_pickaxe":162,"minecraft:stone_axe":77,"minecraft:diamond_sword":15,"minecraft:cobblestone":59,"minecraft:bucket":9,"minecraft:oak_boat":4,"minecraft:diamond_leggings":1}},"DataVersion":3700}