{"stats":{"minecraft:killed":{"minecraft:spider":2,"minecraft:skeleton":4,"minecraft:silverfish":2,"minecraft:iron_golem":1,"minecraft:wandering_trader":1,"minecraft:sheep":6,"minecraft:trader_llama":1,"minecraft:zombie":3,"minecraft:ghast":1,"minecraft:enderman":1,"minecraft:blaze":3},"minecraft:used":{"minecraft:oak_trapdoor":1,"minecraft:chest":3,"minecraft:shield":13,"minecraft:rotten_flesh":4,"minecraft:netherrack":2,"minecraft:soul_sand":1,"minecraft:dirt":11,"minecraft:diamond_helmet":3,"minecraft:obsidian":6,"minecraft:bookshelf":12,"minecraft:smooth_basalt":5,"minecraft:diamond_chestplate":2,"minecraft:bow":64,"minecraft:soul_soil":6,"minecraft:furnace":2,"minecraft:cobbled_deepslate":98,"minecraft:cooked_mutton":8,"minecraft:water_bucket":26,"minecraft:diamond_boots":6,"minecraft:stone_pickaxe":40,"minecraft:ender_pearl":6,"minecraft:wooden_pickaxe":28,"minecraft:diamond_axe":15,"minecraft:white_wool":333,"minecraft:glow_berries":5,"minecraft:crafting_table":15,"minecraft:white_bed":5,"minecraft:end_stone":29,"minecraft:ender_eye":1,"minecraft:diamond_pickaxe":123,"minecraft:diamond_shovel":11,"minecraft:bread":29,"minecraft:string":5,"minecraft:iron_pickaxe":162,"minecraft:stone_axe":77,"minecraft:diamond_sword":52,"minecraft:cobblestone":59,"minecraft:bucket":27,"minecraft:oak_boat":6,"minecraft:diamond_leggings":2},"minecraft:picked_up":{"minecraft:crafting_table":14,"minecraft:nether_brick_fence":1,"minecraft:suspicious_stew":1,"minecraft:lead":2,"minecraft:oak_stairs":1,"minecraft:elytra":1,"minecraft:string":14003,"minecraft:soul_soil":6,"minecraft:cobbled_deepslate":99,"minecraft:oak_boat":5,"minecraft:ender_eye":1,"minecraft:calcite":8,"minecraft:poppy":2,"minecraft:melon_slice":7,"minecraft:furnace":2,"minecraft:stick":1,"minecraft:raw_iron":13,"minecraft:end_stone":31,"minecraft:torch":1,"minecraft:porkchop":40,"minecraft:diorite":1,"minecraft:arrow":1,"minecraft:rotten_flesh":4,"minecraft:nether_bricks":2,"minecraft:diamond_boots":1,"minecraft:hay_block":8,"minecraft:blaze_rod":10,"minecraft:obsidian":7,"minecraft:mutton":11,"minecraft:white_wool":403,"minecraft:cobblestone":73,"minecraft:stripped_oak_log":13,"minecraft:crimson_stem":2,"minecraft:andesite":11,"minecraft:leather":8,"minecraft:flint":4,"minecraft:oak_log":19,"minecraft:tuff":15,"minecraft:gunpowder":1,"minecraft:dirt":26,"minecraft:bone":6,"minecraft:bow":1,"minecraft:wheat_seeds":6,"minecraft:raw_gold":8,"minecraft:iron_ingot":7,"minecraft:bamboo":9,"minecraft:oak_planks":1,"minecraft:soul_sand":1,"minecraft:book":36,"minecraft:smooth_basalt":5,"minecraft:gravel":2,"minecraft:amethyst_shard":4,"minecraft:white_bed":4,"minecraft:dragon_egg":1,"minecraft:spider_eye":1,"minecraft:diamond_shovel":3,"minecraft:diamond":34,"minecraft:granite":2,"minecraft:emerald":378,"minecraft:bread":24,"minecraft:oak_sapling":2,"minecraft:netherrack":3,"minecraft:coal":18,"minecraft:crimson_roots":2,"minecraft:diamond_pickaxe":2,"minecraft:ender_pearl":9},"minecraft:custom":{"minecraft:interact_with_anvil":15,"minecraft:mob_kills":27,"minecraft:interact_with_crafting_table":33,"minecraft:open_barrel":1,"minecraft:leave_game":11,"minecraft:time_since_death":27620,"minecraft:climb_one_cm":1165,"minecraft:sprint_one_cm":441047,"minecraft:walk_one_cm":585262,"minecraft:damage_blocked_by_shield":550,"minecraft:drop":59,"minecraft:talked_to_villager":145,"minecraft:play_time":241469,"minecraft:deaths":2,"minecraft:sneak_time":10501,"minecraft:walk_under_water_one_cm":13016,"minecraft:boat_one_cm":156802,"minecraft:jump":4008,"minecraft:interact_with_blast_furnace":1,"minecraft:walk_on_water_one_cm":17009,"minecraft:total_world_time":241469,"minecraft:interact_with_furnace":29,"minecraft:traded_with_villager":815,"minecraft:interact_with_grindstone":1,"minecraft:sleep_in_bed":8,"minecraft:time_since_rest":10261,"minecraft:open_enderchest":1,"minecraft:damage_taken":1318,"minecraft:damage_dealt":5253,"minecraft:player_kills":1,"minecraft:swim_one_cm":27358,"minecraft:fly_one_cm":1490291,"minecraft:open_chest":55,"minecraft:crouch_one_cm":45379,"minecraft:fall_one_cm":99906},"minecraft:crafted":{"minecraft:oak_door":3,"minecraft:oak_planks":96,"minecraft:furnace":1,"minecraft:bookshelf":12,"minecraft:cooked_mutton":13,"minecraft:oak_trapdoor":2,"minecraft:bow":1,"minecraft:diamond_helmet":2,"minecraft:diamond_leggings":2,"minecraft:stone_pickaxe":1,"minecraft:chest":3,"minecraft:diamond_boots":2,"minecraft:diamond_sword":1,"minecraft:arrow":272,"minecraft:emerald":735,"minecraft:diamond_axe":1,"minecraft:crafting_table":2,"minecraft:wooden_pickaxe":1,"minecraft:bucket":1,"minecraft:stone_axe":1,"minecraft:enchanted_book":34,"minecraft:air":0,"minecraft:bread":120,"minecraft:oak_boat":2,"minecraft:diamond_pickaxe":1,"minecraft:shield":1,"minecraft:stick":16,"minecraft:iron_ingot":8,"minecraft:iron_pickaxe":1,"minecraft:white_bed":3,"minecraft:diamond_chestplate":2},"minecraft:dropped":{"minecraft:iron_ingot":3,"minecraft:crimson_stem":2,"minecraft:bread":9,"minecraft:porkchop":20,"minecraft:wheat_seeds":6,"minecraft:lead":1,"minecraft:leather":8,"minecraft:granite":2,"minecraft:stick":4,"minecraft:flint":4,"minecraft:dirt":7,"minecraft:diorite":1,"minecraft:crimson_roots":2,"minecraft:string":6,"minecraft:bone":6,"minecraft:stone_axe":1,"minecraft:blaze_rod":5,"minecraft:cobbled_deepslate":1,"minecraft:tuff":15,"minecraft:oak_planks":16,"minecraft:nether_brick_fence":1,"minecraft:white_bed":1,"minecraft:nether_bricks":2,"minecraft:suspicious_stew":1,"minecraft:gunpowder":1,"minecraft:dragon_egg":1,"minecraft:andesite":11,"minecraft:oak_sapling":1,"minecraft:spider_eye":1,"minecraft:diamond_boots":2,"minecraft:arrow":1,"minecraft:wooden_pickaxe":1,"minecraft:stone_pickaxe":1,"minecraft:netherrack":1},"minecraft:mined":{"minecraft:large_amethyst_bud":2,"minecraft:tuff":15,"minecraft:white_bed":5,"minecraft:deepslate_diamond_ore":34,"minecraft:jungle_leaves":1,"minecraft:end_stone":33,"minecraft:obsidian":7,"minecraft:nether_bricks":1,"minecraft:granite":2,"minecraft:budding_amethyst":1,"minecraft:acacia_log":4,"minecraft:grass_block":7,"minecraft:soul_soil":6,"minecraft:spawner":1,"minecraft:hay_block":9,"minecraft:furnace":2,"minecraft:iron_ore":10,"minecraft:cobbled_deepslate":1,"minecraft:fire":1,"minecraft:andesite":17,"minecraft:nether_brick_fence":1,"minecraft:bookshelf":12,"minecraft:cave_vines":1,"minecraft:deepslate_iron_ore":3,"minecraft:oak_stairs":2,"minecraft:stripped_oak_log":13,"minecraft:bamboo":1,"minecraft:stone":93,"minecraft:white_wool":4,"minecraft:tripwire":3,"minecraft:soul_sand":1,"minecraft:amethyst_cluster":1,"minecraft:crafting_table":14,"minecraft:short_grass":16,"minecraft:melon":1,"minecraft:diorite":12,"minecraft:oak_log":19,"minecraft:coal_ore":8,"minecraft:gravel":1,"minecraft:dirt":20,"minecraft:netherrack":5,"minecraft:gold_ore":8,"minecraft:oak_leaves":9,"minecraft:deepslate":83}},"DataVersion":3700}