{"stats":{"minecraft:mined":{"minecraft:dragon_wall_head":2,"minecraft:nether_gold_ore":1,"minecraft:white_bed":7,"minecraft:shulker_box":1,"minecraft:end_stone":153,"minecraft:brewing_stand":1,"minecraft:obsidian":14,"minecraft:nether_bricks":5,"minecraft:granite":6,"minecraft:acacia_log":4,"minecraft:grass_block":10,"minecraft:crimson_roots":1,"minecraft:red_mushroom":2,"minecraft:crimson_stem":7,"minecraft:oak_trapdoor":1,"minecraft:fire":1,"minecraft:cobbled_deepslate":1,"minecraft:andesite":9,"minecraft:nether_brick_fence":3,"minecraft:bookshelf":4,"minecraft:dirt_path":2,"minecraft:rail":1,"minecraft:chorus_plant":13,"minecraft:end_stone_bricks":8,"minecraft:stone":29,"minecraft:white_wool":11,"minecraft:tripwire":9,"minecraft:brown_mushroom":8,"minecraft:redstone_block":1,"minecraft:infested_stone_bricks":1,"minecraft:magenta_stained_glass":1,"minecraft:orange_terracotta":3,"minecraft:stone_brick_slab":7,"minecraft:dandelion":3,"minecraft:purpur_stairs":4,"minecraft:crafting_table":2,"minecraft:cornflower":12,"minecraft:torch":1,"minecraft:short_grass":16,"minecraft:chest":1,"minecraft:poppy":2,"minecraft:purpur_pillar":1,"minecraft:lapis_ore":5,"minecraft:sugar_cane":95,"minecraft:diorite":13,"minecraft:wall_torch":4,"minecraft:purpur_block":1,"minecraft:oak_log":1,"minecraft:end_rod":3,"minecraft:gravel":4,"minecraft:dirt":9,"minecraft:cracked_stone_bricks":3,"minecraft:blue_shulker_box":5,"minecraft:stone_bricks":1,"minecraft:netherrack":68,"minecraft:mossy_stone_bricks":2,"minecraft:fern":1},"minecraft:dropped":{"minecraft:enchanted_book":1,"minecraft:iron_ingot":4,"minecraft:bread":24,"minecraft:iron_sword":3,"minecraft:brown_mushroom":6,"minecraft:porkchop":20,"minecraft:wheat_seeds":4,"minecraft:ender_pearl":1,"minecraft:minecart":1,"minecraft:crossbow":4,"minecraft:cobblestone":8,"minecraft:leather":8,"minecraft:iron_horse_armor":1,"minecraft:cracked_stone_bricks":6,"minecraft:iron_block":2,"minecraft:dirt":7,"minecraft:torch":2,"minecraft:cornflower":1,"minecraft:mutton":8,"minecraft:crimson_roots":7,"minecraft:diamond_helmet":1,"minecraft:gold_nugget":2,"minecraft:iron_axe":1,"minecraft:iron_shovel":2,"minecraft:string":3984,"minecraft:white_wool":738,"minecraft:dandelion":2,"minecraft:stone_brick_slab":6,"minecraft:bone":26,"minecraft:ender_chest":1,"minecraft:cobbled_deepslate":2,"minecraft:bowl":2,"minecraft:obsidian":2,"minecraft:rotten_flesh":7,"minecraft:end_stone":1,"minecraft:oak_planks":1,"minecraft:mossy_stone_brick_slab":4,"minecraft:blaze_powder":1,"minecraft:nether_brick_fence":5,"minecraft:nether_bricks":16,"minecraft:carrot":1,"minecraft:suspicious_stew":1,"minecraft:filled_map":2,"minecraft:diamond_sword":1,"minecraft:poppy":1,"minecraft:dragon_egg":1,"minecraft:beetroot_seeds":3,"minecraft:mossy_stone_bricks":3,"minecraft:leather_boots":1,"minecraft:spider_eye":3,"minecraft:stone_bricks":8,"minecraft:end_stone_bricks":2,"minecraft:bow":8,"minecraft:stone_pickaxe":2,"minecraft:stone_brick_stairs":1,"minecraft:netherrack":58},"minecraft:custom":{"minecraft:interact_with_anvil":18,"minecraft:mob_kills":46,"minecraft:interact_with_crafting_table":33,"minecraft:open_shulker_box":7,"minecraft:leave_game":5,"minecraft:time_since_death":53594,"minecraft:climb_one_cm":2502,"minecraft:sprint_one_cm":560940,"minecraft:walk_one_cm":324778,"minecraft:damage_blocked_by_shield":75,"minecraft:drop":184,"minecraft:talked_to_villager":144,"minecraft:play_time":191705,"minecraft:deaths":1,"minecraft:sneak_time":16781,"minecraft:walk_under_water_one_cm":11501,"minecraft:boat_one_cm":123681,"minecraft:jump":3614,"minecraft:interact_with_brewingstand":1,"minecraft:walk_on_water_one_cm":12364,"minecraft:total_world_time":191705,"minecraft:interact_with_furnace":14,"minecraft:traded_with_villager":476,"minecraft:interact_with_grindstone":1,"minecraft:sleep_in_bed":5,"minecraft:time_since_rest":53690,"minecraft:open_enderchest":36,"minecraft:damage_taken":3192,"minecraft:damage_dealt":9694,"minecraft:swim_one_cm":17267,"minecraft:fly_one_cm":2240888,"minecraft:open_chest":219,"minecraft:crouch_one_cm":47215,"minecraft:aviate_one_cm":3000409,"minecraft:fall_one_cm":103450},"minecraft:killed":{"minecraft:spider":2,"minecraft:shulker":8,"minecraft:skeleton":4,"minecraft:piglin":1,"minecraft:ender_dragon":1,"minecraft:hoglin":3,"minecraft:creeper":8,"minecraft:sheep":1,"minecraft:zombie":6,"minecraft:ghast":1,"minecraft:enderman":7,"minecraft:blaze":4},"minecraft:picked_up":{"minecraft:crafting_table":2,"minecraft:redstone_block":1,"minecraft:ender_chest":1,"minecraft:nether_brick_fence":5,"minecraft:suspicious_stew":1,"minecraft:brown_mushroom":8,"minecraft:diamond_sword":1,"minecraft:potion":2,"minecraft:enchanted_book":3,"minecraft:dragon_head":2,"minecraft:stone_brick_stairs":1,"minecraft:purpur_block":1,"minecraft:brewing_stand":1,"minecraft:cornflower":12,"minecraft:string":14998,"minecraft:oak_trapdoor":1,"minecraft:elytra":5,"minecraft:iron_axe":1,"minecraft:item_frame":1,"minecraft:cracked_stone_bricks":7,"minecraft:gold_nugget":2,"minecraft:cobbled_deepslate":2,"minecraft:oak_boat":1,"minecraft:ender_eye":3,"minecraft:poppy":3,"minecraft:minecart":2,"minecraft:sugar_cane":171,"minecraft:blue_shulker_box":5,"minecraft:chest":1,"minecraft:egg":3,"minecraft:end_stone":149,"minecraft:torch":5,"minecraft:acacia_log":4,"minecraft:purpur_pillar":1,"minecraft:porkchop":20,"minecraft:diorite":10,"minecraft:carrot":1,"minecraft:arrow":8,"minecraft:rotten_flesh":7,"minecraft:nether_bricks":21,"minecraft:end_rod":3,"minecraft:blaze_rod":2,"minecraft:obsidian":14,"minecraft:mutton":12,"minecraft:rail":2,"minecraft:white_wool":201,"minecraft:cobblestone":38,"minecraft:crimson_stem":5,"minecraft:andesite":5,"minecraft:leather":8,"minecraft:red_mushroom":2,"minecraft:filled_map":1,"minecraft:flint":2,"minecraft:purpur_stairs":2,"minecraft:oak_log":1,"minecraft:gunpowder":18,"minecraft:lapis_lazuli":18,"minecraft:dirt":31,"minecraft:bone":28,"minecraft:acacia_planks":5,"minecraft:stone_bricks":14,"minecraft:bow":9,"minecraft:wheat_seeds":5,"minecraft:iron_ingot":3,"minecraft:stone_pickaxe":2,"minecraft:mossy_stone_bricks":6,"minecraft:powered_rail":2,"minecraft:oak_planks":1,"minecraft:book":12,"minecraft:stone_brick_slab":8,"minecraft:dandelion":3,"minecraft:gravel":1,"minecraft:white_bed":7,"minecraft:grass_block":1,"minecraft:mossy_stone_brick_slab":4,"minecraft:spider_eye":3,"minecraft:dragon_egg":13,"minecraft:shulker_box":1,"minecraft:crossbow":2,"minecraft:granite":5,"minecraft:emerald":196,"minecraft:netherrack":84,"minecraft:chorus_fruit":57,"minecraft:end_stone_bricks":7,"minecraft:crimson_roots":7,"minecraft:ender_pearl":20,"minecraft:shulker_shell":5},"minecraft:crafted":{"minecraft:ender_chest":2,"minecraft:grindstone":2,"minecraft:oak_planks":4,"minecraft:oak_sign":3,"minecraft:fishing_rod":2,"minecraft:blaze_powder":2,"minecraft:cooked_chicken":4,"minecraft:blue_shulker_box":3,"minecraft:bookshelf":4,"minecraft:shulker_box":2,"minecraft:suspicious_stew":2,"minecraft:oak_trapdoor":2,"minecraft:stone_brick_slab":6,"minecraft:diamond_helmet":1,"minecraft:bow":12,"minecraft:diamond_leggings":1,"minecraft:chest":3,"minecraft:diamond_boots":1,"minecraft:redstone_block":7,"minecraft:ender_eye":1,"minecraft:oak_fence":3,"minecraft:crossbow":7,"minecraft:crimson_planks":20,"minecraft:diamond_sword":1,"minecraft:arrow":192,"minecraft:emerald":443,"minecraft:diamond_axe":1,"minecraft:crafting_table":1,"minecraft:enchanting_table":1,"minecraft:bowl":4,"minecraft:blue_bed":1,"minecraft:cooked_salmon":3,"minecraft:fletching_table":1,"minecraft:bucket":1,"minecraft:enchanted_book":17,"minecraft:bread":276,"minecraft:air":0,"minecraft:blue_dye":11,"minecraft:book":2,"minecraft:white_wool":825,"minecraft:paper":177,"minecraft:diamond_pickaxe":1,"minecraft:emerald_block":8,"minecraft:iron_ingot":22,"minecraft:iron_block":2,"minecraft:gold_ingot":17,"minecraft:white_bed":2,"minecraft:acacia_planks":16,"minecraft:lapis_lazuli":1,"minecraft:firework_rocket":54,"minecraft:diamond_chestplate":1},"minecraft:used":{"minecraft:oak_trapdoor":1,"minecraft:enchanting_table":1,"minecraft:elytra":6,"minecraft:poppy":2,"minecraft:oak_sign":1,"minecraft:chest":3,"minecraft:shield":1,"minecraft:ender_chest":2,"minecraft:cooked_salmon":1,"minecraft:cooked_chicken":3,"minecraft:netherrack":26,"minecraft:torch":3,"minecraft:dragon_egg":8,"minecraft:dirt":15,"minecraft:mutton":4,"minecraft:nether_bricks":5,"minecraft:diamond_helmet":1,"minecraft:granite":4,"minecraft:stone_brick_slab":8,"minecraft:bookshelf":4,"minecraft:grass_block":1,"minecraft:stone_bricks":1,"minecraft:diamond_chestplate":4,"minecraft:bow":131,"minecraft:blue_shulker_box":5,"minecraft:minecart":1,"minecraft:egg":3,"minecraft:water_bucket":11,"minecraft:acacia_boat":2,"minecraft:diorite":8,"minecraft:diamond_boots":1,"minecraft:end_stone_bricks":2,"minecraft:chorus_fruit":2,"minecraft:powered_rail":2,"minecraft:oak_planks":1,"minecraft:ender_pearl":18,"minecraft:redstone_block":1,"minecraft:blue_bed":1,"minecraft:diamond_axe":27,"minecraft:fletching_table":1,"minecraft:white_wool":161,"minecraft:rail":2,"minecraft:blue_dye":1,"minecraft:crafting_table":4,"minecraft:crossbow":1,"minecraft:white_bed":9,"minecraft:end_stone":147,"minecraft:ender_eye":2,"minecraft:diamond_pickaxe":359,"minecraft:firework_rocket":50,"minecraft:string":11,"minecraft:bread":71,"minecraft:suspicious_stew":2,"minecraft:gravel":2,"minecraft:stone_axe":3,"minecraft:fishing_rod":1,"minecraft:diamond_sword":172,"minecraft:cobblestone":7,"minecraft:grindstone":1,"minecraft:bucket":12,"minecraft:oak_fence":3,"minecraft:oak_boat":1,"minecraft:diamond_leggings":1}},"DataVersion":3700}