{"stats":{"minecraft:mined":{"minecraft:short_grass":3,"minecraft:poppy":1,"minecraft:dandelion":2,"minecraft:cornflower":3},"minecraft:dropped":{"minecraft:poppy":1,"minecraft:wheat_seeds":1,"minecraft:cornflower":1,"minecraft:dandelion":2},"minecraft:custom":{"minecraft:open_chest":11,"minecraft:time_since_rest":7264,"minecraft:crouch_one_cm":182,"minecraft:interact_with_furnace":5,"minecraft:play_time":7264,"minecraft:sprint_one_cm":21294,"minecraft:walk_one_cm":8291,"minecraft:sneak_time":74,"minecraft:walk_under_water_one_cm":1066,"minecraft:drop":5,"minecraft:jump":188,"minecraft:time_since_death":7264,"minecraft:walk_on_water_one_cm":539,"minecraft:traded_with_villager":5,"minecraft:total_world_time":7264,"minecraft:talked_to_villager":12,"minecraft:interact_with_crafting_table":1,"minecraft:fly_one_cm":56463,"minecraft:swim_one_cm":3118,"minecraft:fall_one_cm":5784},"minecraft:picked_up":{"minecraft:wheat_seeds":1,"minecraft:dandelion":2,"minecraft:emerald":192,"minecraft:poppy":1,"minecraft:cornflower":3},"minecraft:crafted":{"minecraft:diamond_boots":1,"minecraft:blue_dye":2,"minecraft:blue_bed":1,"minecraft:cooked_salmon":3,"minecraft:diamond_helmet":1,"minecraft:diamond_leggings":1,"minecraft:diamond_pickaxe":1,"minecraft:diamond_chestplate":1,"minecraft:air":0},"minecraft:used":{"minecraft:cooked_salmon":1}},"DataVersion":3700}