{"stats":{"minecraft:mined":{"minecraft:cobbled_deepslate":1,"minecraft:dandelion":2,"minecraft:obsidian":4,"minecraft:cornflower":3,"minecraft:short_grass":3,"minecraft:bookshelf":3,"minecraft:grass_block":4,"minecraft:poppy":1,"minecraft:dirt_path":2,"minecraft:dirt":6,"minecraft:tripwire":4},"minecraft:dropped":{"minecraft:poppy":1,"minecraft:wheat_seeds":1,"minecraft:cornflower":1,"minecraft:string":1609,"minecraft:dandelion":2},"minecraft:custom":{"minecraft:time_since_rest":10618,"minecraft:interact_with_furnace":7,"minecraft:sprint_one_cm":45646,"minecraft:damage_taken":53,"minecraft:walk_one_cm":26185,"minecraft:interact_with_anvil":4,"minecraft:drop":31,"minecraft:traded_with_villager":117,"minecraft:swim_one_cm":3118,"minecraft:interact_with_crafting_table":4,"minecraft:talked_to_villager":42,"minecraft:fly_one_cm":75930,"minecraft:open_chest":45,"minecraft:crouch_one_cm":3055,"minecraft:play_time":19264,"minecraft:sneak_time":1407,"minecraft:walk_under_water_one_cm":1066,"minecraft:jump":305,"minecraft:walk_on_water_one_cm":695,"minecraft:time_since_death":19264,"minecraft:sleep_in_bed":1,"minecraft:total_world_time":19264,"minecraft:fall_one_cm":8694},"minecraft:crafted":{"minecraft:blue_dye":2,"minecraft:grindstone":2,"minecraft:diamond_sword":1,"minecraft:oak_sign":3,"minecraft:diamond_helmet":1,"minecraft:emerald":103,"minecraft:diamond_leggings":1,"minecraft:diamond_pickaxe":1,"minecraft:cooked_chicken":4,"minecraft:diamond_boots":1,"minecraft:blue_bed":1,"minecraft:cooked_salmon":3,"minecraft:bookshelf":4,"minecraft:enchanted_book":5,"minecraft:air":0,"minecraft:diamond_chestplate":1},"minecraft:picked_up":{"minecraft:book":9,"minecraft:dandelion":2,"minecraft:dirt":11,"minecraft:cornflower":3,"minecraft:string":3642,"minecraft:wheat_seeds":2,"minecraft:cobbled_deepslate":1,"minecraft:poppy":1,"minecraft:emerald":192,"minecraft:obsidian":4},"minecraft:used":{"minecraft:diamond_pickaxe":9,"minecraft:diamond_boots":1,"minecraft:bookshelf":3,"minecraft:string":5,"minecraft:oak_sign":1,"minecraft:blue_bed":1,"minecraft:cooked_salmon":1,"minecraft:cooked_chicken":1,"minecraft:diamond_chestplate":1,"minecraft:stone_axe":3,"minecraft:dirt":7,"minecraft:blue_dye":1,"minecraft:diamond_helmet":1,"minecraft:diamond_leggings":1}},"DataVersion":3700}