{"stats":{"minecraft:mined":{"minecraft:redstone_block":1,"minecraft:dandelion":2,"minecraft:obsidian":4,"minecraft:cornflower":3,"minecraft:short_grass":5,"minecraft:grass_block":9,"minecraft:poppy":1,"minecraft:oak_trapdoor":1,"minecraft:cobbled_deepslate":1,"minecraft:bookshelf":4,"minecraft:dirt_path":2,"minecraft:rail":1,"minecraft:gravel":4,"minecraft:dirt":7,"minecraft:tripwire":7},"minecraft:dropped":{"minecraft:wheat_seeds":2,"minecraft:cobbled_deepslate":1,"minecraft:minecart":1,"minecraft:poppy":1,"minecraft:cornflower":1,"minecraft:iron_axe":1,"minecraft:string":1685,"minecraft:dandelion":2},"minecraft:custom":{"minecraft:interact_with_furnace":8,"minecraft:interact_with_anvil":8,"minecraft:traded_with_villager":199,"minecraft:interact_with_crafting_table":11,"minecraft:interact_with_grindstone":1,"minecraft:time_since_death":31264,"minecraft:sleep_in_bed":2,"minecraft:time_since_rest":9549,"minecraft:sprint_one_cm":77186,"minecraft:damage_taken":53,"minecraft:walk_one_cm":53274,"minecraft:drop":37,"minecraft:swim_one_cm":3118,"minecraft:talked_to_villager":64,"minecraft:fly_one_cm":112812,"minecraft:open_chest":89,"minecraft:crouch_one_cm":3877,"minecraft:play_time":31264,"minecraft:sneak_time":1977,"minecraft:walk_under_water_one_cm":1066,"minecraft:jump":457,"minecraft:walk_on_water_one_cm":2249,"minecraft:total_world_time":31264,"minecraft:fall_one_cm":11947},"minecraft:picked_up":{"minecraft:redstone_block":1,"minecraft:enchanted_book":1,"minecraft:flint":2,"minecraft:oak_trapdoor":1,"minecraft:string":5373,"minecraft:cornflower":3,"minecraft:dirt":17,"minecraft:iron_axe":1,"minecraft:wheat_seeds":2,"minecraft:cobbled_deepslate":1,"minecraft:poppy":1,"minecraft:minecart":2,"minecraft:powered_rail":2,"minecraft:book":12,"minecraft:dandelion":2,"minecraft:gravel":1,"minecraft:emerald":192,"minecraft:obsidian":4,"minecraft:rail":2},"minecraft:crafted":{"minecraft:grindstone":2,"minecraft:oak_sign":3,"minecraft:diamond_sword":1,"minecraft:emerald":160,"minecraft:diamond_axe":1,"minecraft:enchanting_table":1,"minecraft:cooked_chicken":4,"minecraft:blue_bed":1,"minecraft:cooked_salmon":3,"minecraft:fletching_table":1,"minecraft:bookshelf":4,"minecraft:enchanted_book":9,"minecraft:bread":126,"minecraft:air":0,"minecraft:oak_trapdoor":2,"minecraft:blue_dye":2,"minecraft:diamond_helmet":1,"minecraft:diamond_leggings":1,"minecraft:white_wool":128,"minecraft:diamond_pickaxe":1,"minecraft:diamond_boots":1,"minecraft:redstone_block":7,"minecraft:diamond_chestplate":1},"minecraft:used":{"minecraft:oak_trapdoor":1,"minecraft:enchanting_table":1,"minecraft:diamond_boots":1,"minecraft:powered_rail":2,"minecraft:oak_sign":1,"minecraft:fletching_table":1,"minecraft:redstone_block":1,"minecraft:blue_bed":1,"minecraft:cooked_salmon":1,"minecraft:cooked_chicken":3,"minecraft:blue_dye":1,"minecraft:dirt":11,"minecraft:rail":2,"minecraft:diamond_helmet":1,"minecraft:diamond_pickaxe":10,"minecraft:bookshelf":4,"minecraft:string":8,"minecraft:gravel":2,"minecraft:stone_axe":3,"minecraft:diamond_chestplate":2,"minecraft:grindstone":1,"minecraft:minecart":1,"minecraft:diamond_leggings":1}},"DataVersion":3700}