{"stats":{"minecraft:mined":{"minecraft:redstone_block":1,"minecraft:dandelion":2,"minecraft:obsidian":4,"minecraft:cornflower":3,"minecraft:short_grass":5,"minecraft:grass_block":9,"minecraft:poppy":2,"minecraft:crimson_roots":1,"minecraft:crimson_stem":7,"minecraft:oak_trapdoor":1,"minecraft:cobbled_deepslate":1,"minecraft:bookshelf":4,"minecraft:dirt_path":2,"minecraft:rail":1,"minecraft:gravel":4,"minecraft:dirt":7,"minecraft:netherrack":31,"minecraft:tripwire":9},"minecraft:dropped":{"minecraft:iron_ingot":4,"minecraft:wheat_seeds":2,"minecraft:cobbled_deepslate":1,"minecraft:minecart":1,"minecraft:crossbow":3,"minecraft:mossy_stone_brick_slab":3,"minecraft:poppy":1,"minecraft:iron_block":2,"minecraft:dirt":1,"minecraft:cornflower":1,"minecraft:crimson_roots":4,"minecraft:stone_bricks":1,"minecraft:iron_axe":1,"minecraft:bow":8,"minecraft:string":3965,"minecraft:stone_brick_stairs":1,"minecraft:netherrack":16,"minecraft:bone":6,"minecraft:stone_brick_slab":1,"minecraft:dandelion":2},"minecraft:custom":{"minecraft:interact_with_furnace":14,"minecraft:interact_with_anvil":11,"minecraft:mob_kills":6,"minecraft:traded_with_villager":418,"minecraft:interact_with_crafting_table":15,"minecraft:interact_with_grindstone":1,"minecraft:leave_game":2,"minecraft:time_since_death":59197,"minecraft:sleep_in_bed":4,"minecraft:climb_one_cm":121,"minecraft:time_since_rest":14086,"minecraft:sprint_one_cm":165938,"minecraft:damage_taken":285,"minecraft:walk_one_cm":97988,"minecraft:drop":103,"minecraft:damage_dealt":562,"minecraft:swim_one_cm":3118,"minecraft:talked_to_villager":121,"minecraft:fly_one_cm":200869,"minecraft:open_chest":120,"minecraft:crouch_one_cm":9295,"minecraft:play_time":59197,"minecraft:sneak_time":3986,"minecraft:walk_under_water_one_cm":1275,"minecraft:jump":907,"minecraft:walk_on_water_one_cm":3403,"minecraft:total_world_time":59197,"minecraft:fall_one_cm":24998},"minecraft:killed":{"minecraft:hoglin":3,"minecraft:skeleton":1,"minecraft:zombie":1,"minecraft:ghast":1},"minecraft:picked_up":{"minecraft:redstone_block":1,"minecraft:crimson_stem":5,"minecraft:enchanted_book":2,"minecraft:flint":2,"minecraft:stone_brick_stairs":1,"minecraft:cornflower":3,"minecraft:dirt":21,"minecraft:string":14991,"minecraft:oak_trapdoor":1,"minecraft:iron_axe":1,"minecraft:bone":8,"minecraft:stone_bricks":1,"minecraft:bow":8,"minecraft:wheat_seeds":2,"minecraft:cobbled_deepslate":1,"minecraft:poppy":3,"minecraft:minecart":2,"minecraft:powered_rail":2,"minecraft:egg":1,"minecraft:book":12,"minecraft:stone_brick_slab":1,"minecraft:dandelion":2,"minecraft:gravel":1,"minecraft:grass_block":1,"minecraft:mossy_stone_brick_slab":3,"minecraft:arrow":2,"minecraft:crossbow":2,"minecraft:emerald":192,"minecraft:netherrack":35,"minecraft:obsidian":4,"minecraft:crimson_roots":4,"minecraft:rail":2},"minecraft:crafted":{"minecraft:grindstone":2,"minecraft:crimson_planks":20,"minecraft:crossbow":7,"minecraft:diamond_sword":1,"minecraft:oak_sign":3,"minecraft:arrow":192,"minecraft:emerald":330,"minecraft:diamond_axe":1,"minecraft:crafting_table":1,"minecraft:enchanting_table":1,"minecraft:cooked_chicken":4,"minecraft:blue_bed":1,"minecraft:cooked_salmon":3,"minecraft:fletching_table":1,"minecraft:bookshelf":4,"minecraft:enchanted_book":13,"minecraft:bread":216,"minecraft:air":0,"minecraft:oak_trapdoor":2,"minecraft:blue_dye":2,"minecraft:book":2,"minecraft:diamond_leggings":1,"minecraft:diamond_helmet":1,"minecraft:bow":11,"minecraft:white_wool":825,"minecraft:paper":6,"minecraft:diamond_pickaxe":1,"minecraft:iron_ingot":22,"minecraft:iron_block":2,"minecraft:diamond_boots":1,"minecraft:gold_ingot":17,"minecraft:redstone_block":7,"minecraft:diamond_chestplate":1},"minecraft:used":{"minecraft:oak_trapdoor":1,"minecraft:enchanting_table":1,"minecraft:diamond_boots":1,"minecraft:powered_rail":2,"minecraft:poppy":2,"minecraft:oak_sign":1,"minecraft:redstone_block":1,"minecraft:blue_bed":1,"minecraft:diamond_axe":7,"minecraft:fletching_table":1,"minecraft:cooked_salmon":1,"minecraft:cooked_chicken":3,"minecraft:netherrack":19,"minecraft:rail":2,"minecraft:blue_dye":1,"minecraft:dirt":13,"minecraft:crafting_table":1,"minecraft:diamond_helmet":1,"minecraft:diamond_pickaxe":42,"minecraft:string":11,"minecraft:bookshelf":4,"minecraft:grass_block":1,"minecraft:bread":8,"minecraft:gravel":2,"minecraft:diamond_chestplate":2,"minecraft:stone_axe":3,"minecraft:diamond_sword":11,"minecraft:bow":14,"minecraft:grindstone":1,"minecraft:minecart":1,"minecraft:egg":1,"minecraft:diamond_leggings":1}},"DataVersion":3700}