{"stats":{"minecraft:mined":{"minecraft:dragon_wall_head":1,"minecraft:nether_gold_ore":1,"minecraft:white_bed":1,"minecraft:brewing_stand":1,"minecraft:end_stone":137,"minecraft:obsidian":4,"minecraft:granite":6,"minecraft:nether_bricks":5,"minecraft:acacia_log":4,"minecraft:grass_block":10,"minecraft:crimson_roots":1,"minecraft:red_mushroom":2,"minecraft:crimson_stem":7,"minecraft:oak_trapdoor":1,"minecraft:cobbled_deepslate":1,"minecraft:fire":1,"minecraft:andesite":9,"minecraft:nether_brick_fence":3,"minecraft:bookshelf":4,"minecraft:dirt_path":2,"minecraft:rail":1,"minecraft:chorus_plant":13,"minecraft:end_stone_bricks":5,"minecraft:stone":21,"minecraft:white_wool":11,"minecraft:tripwire":9,"minecraft:brown_mushroom":8,"minecraft:redstone_block":1,"minecraft:magenta_stained_glass":1,"minecraft:orange_terracotta":3,"minecraft:purpur_stairs":3,"minecraft:dandelion":3,"minecraft:crafting_table":2,"minecraft:cornflower":4,"minecraft:torch":1,"minecraft:short_grass":10,"minecraft:poppy":2,"minecraft:purpur_pillar":1,"minecraft:lapis_ore":5,"minecraft:diorite":13,"minecraft:wall_torch":4,"minecraft:oak_log":1,"minecraft:end_rod":1,"minecraft:gravel":4,"minecraft:dirt":9,"minecraft:netherrack":68,"minecraft:fern":1},"minecraft:dropped":{"minecraft:enchanted_book":1,"minecraft:iron_ingot":4,"minecraft:bread":24,"minecraft:brown_mushroom":6,"minecraft:porkchop":20,"minecraft:wheat_seeds":3,"minecraft:minecart":1,"minecraft:crossbow":4,"minecraft:leather":8,"minecraft:iron_block":2,"minecraft:dirt":7,"minecraft:torch":2,"minecraft:cornflower":1,"minecraft:mutton":8,"minecraft:crimson_roots":7,"minecraft:gold_nugget":2,"minecraft:iron_axe":1,"minecraft:string":3983,"minecraft:white_wool":738,"minecraft:dandelion":2,"minecraft:stone_brick_slab":1,"minecraft:bone":8,"minecraft:ender_chest":1,"minecraft:cobbled_deepslate":2,"minecraft:bowl":2,"minecraft:oak_planks":1,"minecraft:mossy_stone_brick_slab":4,"minecraft:nether_brick_fence":5,"minecraft:nether_bricks":16,"minecraft:suspicious_stew":1,"minecraft:filled_map":2,"minecraft:diamond_sword":1,"minecraft:poppy":1,"minecraft:dragon_egg":1,"minecraft:leather_boots":1,"minecraft:stone_bricks":1,"minecraft:bow":8,"minecraft:stone_pickaxe":2,"minecraft:stone_brick_stairs":1,"minecraft:netherrack":58},"minecraft:custom":{"minecraft:mob_kills":25,"minecraft:interact_with_anvil":14,"minecraft:interact_with_crafting_table":24,"minecraft:leave_game":3,"minecraft:time_since_death":1592,"minecraft:climb_one_cm":2502,"minecraft:sprint_one_cm":410324,"minecraft:walk_one_cm":230949,"minecraft:damage_blocked_by_shield":75,"minecraft:drop":154,"minecraft:talked_to_villager":124,"minecraft:play_time":139660,"minecraft:deaths":1,"minecraft:sneak_time":14026,"minecraft:walk_under_water_one_cm":11501,"minecraft:boat_one_cm":123681,"minecraft:jump":2969,"minecraft:interact_with_brewingstand":1,"minecraft:walk_on_water_one_cm":11437,"minecraft:total_world_time":139660,"minecraft:interact_with_furnace":14,"minecraft:traded_with_villager":459,"minecraft:interact_with_grindstone":1,"minecraft:sleep_in_bed":5,"minecraft:time_since_rest":1645,"minecraft:open_enderchest":5,"minecraft:damage_taken":2358,"minecraft:damage_dealt":5434,"minecraft:swim_one_cm":17267,"minecraft:fly_one_cm":1163001,"minecraft:open_chest":149,"minecraft:crouch_one_cm":42673,"minecraft:aviate_one_cm":32142,"minecraft:fall_one_cm":90565},"minecraft:killed":{"minecraft:shulker":4,"minecraft:skeleton":2,"minecraft:piglin":1,"minecraft:ender_dragon":1,"minecraft:hoglin":3,"minecraft:sheep":1,"minecraft:zombie":1,"minecraft:ghast":1,"minecraft:enderman":7,"minecraft:blaze":4},"minecraft:picked_up":{"minecraft:crafting_table":2,"minecraft:ender_chest":1,"minecraft:redstone_block":1,"minecraft:suspicious_stew":1,"minecraft:nether_brick_fence":5,"minecraft:brown_mushroom":8,"minecraft:diamond_sword":1,"minecraft:potion":2,"minecraft:enchanted_book":3,"minecraft:dragon_head":1,"minecraft:stone_brick_stairs":1,"minecraft:brewing_stand":1,"minecraft:elytra":1,"minecraft:oak_trapdoor":1,"minecraft:cornflower":4,"minecraft:string":14997,"minecraft:iron_axe":1,"minecraft:item_frame":1,"minecraft:cracked_stone_bricks":1,"minecraft:gold_nugget":2,"minecraft:cobbled_deepslate":2,"minecraft:oak_boat":1,"minecraft:ender_eye":3,"minecraft:poppy":3,"minecraft:minecart":2,"minecraft:egg":1,"minecraft:end_stone":133,"minecraft:purpur_pillar":1,"minecraft:torch":5,"minecraft:acacia_log":4,"minecraft:porkchop":20,"minecraft:diorite":10,"minecraft:arrow":3,"minecraft:nether_bricks":21,"minecraft:end_rod":1,"minecraft:blaze_rod":2,"minecraft:mutton":12,"minecraft:rail":2,"minecraft:obsidian":4,"minecraft:white_wool":201,"minecraft:cobblestone":30,"minecraft:andesite":5,"minecraft:crimson_stem":5,"minecraft:leather":8,"minecraft:red_mushroom":2,"minecraft:filled_map":1,"minecraft:purpur_stairs":1,"minecraft:flint":2,"minecraft:oak_log":1,"minecraft:lapis_lazuli":18,"minecraft:dirt":31,"minecraft:bone":10,"minecraft:acacia_planks":5,"minecraft:stone_bricks":3,"minecraft:bow":8,"minecraft:wheat_seeds":4,"minecraft:iron_ingot":3,"minecraft:stone_pickaxe":2,"minecraft:mossy_stone_bricks":3,"minecraft:powered_rail":2,"minecraft:oak_planks":1,"minecraft:book":12,"minecraft:stone_brick_slab":1,"minecraft:dandelion":3,"minecraft:gravel":1,"minecraft:white_bed":1,"minecraft:grass_block":1,"minecraft:dragon_egg":2,"minecraft:mossy_stone_brick_slab":4,"minecraft:crossbow":2,"minecraft:granite":5,"minecraft:emerald":196,"minecraft:end_stone_bricks":4,"minecraft:chorus_fruit":57,"minecraft:netherrack":84,"minecraft:crimson_roots":7,"minecraft:shulker_shell":3,"minecraft:ender_pearl":20},"minecraft:crafted":{"minecraft:ender_chest":1,"minecraft:grindstone":2,"minecraft:oak_planks":4,"minecraft:oak_sign":3,"minecraft:cooked_chicken":4,"minecraft:bookshelf":4,"minecraft:suspicious_stew":2,"minecraft:oak_trapdoor":2,"minecraft:diamond_helmet":1,"minecraft:bow":11,"minecraft:diamond_leggings":1,"minecraft:chest":3,"minecraft:diamond_boots":1,"minecraft:redstone_block":7,"minecraft:crimson_planks":20,"minecraft:crossbow":7,"minecraft:diamond_sword":1,"minecraft:arrow":192,"minecraft:emerald":371,"minecraft:diamond_axe":1,"minecraft:crafting_table":1,"minecraft:enchanting_table":1,"minecraft:bowl":4,"minecraft:blue_bed":1,"minecraft:cooked_salmon":3,"minecraft:fletching_table":1,"minecraft:bucket":1,"minecraft:enchanted_book":13,"minecraft:bread":216,"minecraft:air":0,"minecraft:blue_dye":2,"minecraft:white_wool":825,"minecraft:book":2,"minecraft:paper":6,"minecraft:diamond_pickaxe":1,"minecraft:iron_ingot":22,"minecraft:iron_block":2,"minecraft:gold_ingot":17,"minecraft:white_bed":2,"minecraft:acacia_planks":16,"minecraft:diamond_chestplate":1},"minecraft:used":{"minecraft:oak_trapdoor":1,"minecraft:enchanting_table":1,"minecraft:elytra":2,"minecraft:poppy":2,"minecraft:oak_sign":1,"minecraft:chest":3,"minecraft:shield":1,"minecraft:ender_chest":1,"minecraft:cooked_salmon":1,"minecraft:cooked_chicken":3,"minecraft:netherrack":26,"minecraft:torch":3,"minecraft:dirt":15,"minecraft:mutton":4,"minecraft:nether_bricks":5,"minecraft:diamond_helmet":1,"minecraft:granite":4,"minecraft:bookshelf":4,"minecraft:grass_block":1,"minecraft:diamond_chestplate":3,"minecraft:bow":102,"minecraft:minecart":1,"minecraft:egg":1,"minecraft:end_stone_bricks":2,"minecraft:acacia_boat":2,"minecraft:water_bucket":11,"minecraft:diorite":8,"minecraft:diamond_boots":1,"minecraft:chorus_fruit":2,"minecraft:powered_rail":2,"minecraft:oak_planks":1,"minecraft:ender_pearl":18,"minecraft:redstone_block":1,"minecraft:fletching_table":1,"minecraft:blue_bed":1,"minecraft:diamond_axe":26,"minecraft:white_wool":161,"minecraft:blue_dye":1,"minecraft:rail":2,"minecraft:crafting_table":4,"minecraft:crossbow":1,"minecraft:white_bed":3,"minecraft:end_stone":133,"minecraft:ender_eye":2,"minecraft:diamond_pickaxe":296,"minecraft:bread":49,"minecraft:string":11,"minecraft:suspicious_stew":2,"minecraft:gravel":2,"minecraft:stone_axe":3,"minecraft:diamond_sword":106,"minecraft:cobblestone":7,"minecraft:grindstone":1,"minecraft:bucket":12,"minecraft:oak_boat":1,"minecraft:diamond_leggings":1}},"DataVersion":3700}