{"stats":{"minecraft:mined":{"minecraft:redstone_block":1,"minecraft:dandelion":2,"minecraft:obsidian":4,"minecraft:cornflower":3,"minecraft:short_grass":5,"minecraft:grass_block":9,"minecraft:poppy":2,"minecraft:oak_trapdoor":1,"minecraft:cobbled_deepslate":1,"minecraft:bookshelf":4,"minecraft:dirt_path":2,"minecraft:rail":1,"minecraft:gravel":4,"minecraft:dirt":7,"minecraft:tripwire":9},"minecraft:dropped":{"minecraft:wheat_seeds":2,"minecraft:cobbled_deepslate":1,"minecraft:minecart":1,"minecraft:crossbow":3,"minecraft:poppy":1,"minecraft:dirt":1,"minecraft:cornflower":1,"minecraft:iron_axe":1,"minecraft:bow":8,"minecraft:string":3965,"minecraft:stone_brick_stairs":1,"minecraft:bone":2,"minecraft:dandelion":2},"minecraft:custom":{"minecraft:interact_with_furnace":8,"minecraft:mob_kills":2,"minecraft:interact_with_anvil":8,"minecraft:traded_with_villager":387,"minecraft:interact_with_crafting_table":11,"minecraft:interact_with_grindstone":1,"minecraft:leave_game":1,"minecraft:time_since_death":47216,"minecraft:sleep_in_bed":4,"minecraft:climb_one_cm":121,"minecraft:time_since_rest":2105,"minecraft:sprint_one_cm":127433,"minecraft:damage_taken":160,"minecraft:walk_one_cm":76270,"minecraft:drop":88,"minecraft:damage_dealt":157,"minecraft:swim_one_cm":3118,"minecraft:talked_to_villager":113,"minecraft:fly_one_cm":167255,"minecraft:open_chest":106,"minecraft:crouch_one_cm":4609,"minecraft:play_time":47216,"minecraft:sneak_time":2338,"minecraft:walk_under_water_one_cm":1066,"minecraft:jump":709,"minecraft:walk_on_water_one_cm":2537,"minecraft:total_world_time":47216,"minecraft:fall_one_cm":19286},"minecraft:killed":{"minecraft:skeleton":1,"minecraft:zombie":1},"minecraft:picked_up":{"minecraft:redstone_block":1,"minecraft:enchanted_book":2,"minecraft:flint":2,"minecraft:stone_brick_stairs":1,"minecraft:dirt":20,"minecraft:cornflower":3,"minecraft:string":13767,"minecraft:oak_trapdoor":1,"minecraft:iron_axe":1,"minecraft:bone":4,"minecraft:bow":8,"minecraft:wheat_seeds":2,"minecraft:cobbled_deepslate":1,"minecraft:poppy":3,"minecraft:minecart":2,"minecraft:powered_rail":2,"minecraft:egg":1,"minecraft:book":12,"minecraft:dandelion":2,"minecraft:gravel":1,"minecraft:grass_block":1,"minecraft:arrow":2,"minecraft:crossbow":1,"minecraft:emerald":192,"minecraft:obsidian":4,"minecraft:rail":2},"minecraft:crafted":{"minecraft:grindstone":2,"minecraft:crossbow":7,"minecraft:diamond_sword":1,"minecraft:oak_sign":3,"minecraft:arrow":192,"minecraft:emerald":302,"minecraft:diamond_axe":1,"minecraft:enchanting_table":1,"minecraft:cooked_chicken":4,"minecraft:blue_bed":1,"minecraft:cooked_salmon":3,"minecraft:fletching_table":1,"minecraft:bookshelf":4,"minecraft:enchanted_book":10,"minecraft:bread":216,"minecraft:air":0,"minecraft:oak_trapdoor":2,"minecraft:blue_dye":2,"minecraft:bow":11,"minecraft:diamond_helmet":1,"minecraft:white_wool":825,"minecraft:diamond_leggings":1,"minecraft:diamond_pickaxe":1,"minecraft:diamond_boots":1,"minecraft:redstone_block":7,"minecraft:diamond_chestplate":1},"minecraft:used":{"minecraft:oak_trapdoor":1,"minecraft:enchanting_table":1,"minecraft:diamond_boots":1,"minecraft:powered_rail":2,"minecraft:poppy":2,"minecraft:oak_sign":1,"minecraft:redstone_block":1,"minecraft:blue_bed":1,"minecraft:fletching_table":1,"minecraft:cooked_salmon":1,"minecraft:cooked_chicken":3,"minecraft:blue_dye":1,"minecraft:dirt":13,"minecraft:rail":2,"minecraft:diamond_helmet":1,"minecraft:diamond_pickaxe":11,"minecraft:bookshelf":4,"minecraft:grass_block":1,"minecraft:bread":4,"minecraft:string":11,"minecraft:gravel":2,"minecraft:diamond_chestplate":2,"minecraft:stone_axe":3,"minecraft:diamond_sword":4,"minecraft:bow":11,"minecraft:grindstone":1,"minecraft:minecart":1,"minecraft:egg":1,"minecraft:diamond_leggings":1}},"DataVersion":3700}