{"stats":{"minecraft:broken":{"minecraft:iron_shovel":2,"minecraft:stone_axe":1,"minecraft:iron_axe":2,"minecraft:iron_pickaxe":1},"minecraft:mined":{"minecraft:large_amethyst_bud":2,"minecraft:white_bed":26,"minecraft:mossy_stone_brick_slab":4,"minecraft:cobblestone_stairs":4,"minecraft:brewing_stand":1,"minecraft:obsidian":10,"minecraft:granite":18,"minecraft:budding_amethyst":1,"minecraft:grass_block":587,"minecraft:composter":5,"minecraft:spawner":2,"minecraft:magma_block":30,"minecraft:cobbled_deepslate":3,"minecraft:iron_ore":51,"minecraft:fire":1,"minecraft:barrel":32,"minecraft:dirt_path":167,"minecraft:oak_stairs":140,"minecraft:tripwire":8,"minecraft:deepslate_redstone_ore":48,"minecraft:smoker":1,"minecraft:amethyst_cluster":1,"minecraft:deepslate_tile_slab":16,"minecraft:blast_furnace":18,"minecraft:calcite":8,"minecraft:poppy":1,"minecraft:chest":4,"minecraft:cobblestone":191,"minecraft:grindstone":5,"minecraft:sugar_cane":16,"minecraft:oak_planks":101,"minecraft:amethyst_block":11,"minecraft:powered_rail":4,"minecraft:stone_brick_stairs":5,"minecraft:smooth_stone_slab":5,"minecraft:oak_log":87,"minecraft:dirt":476,"minecraft:smooth_basalt":10,"minecraft:tripwire_hook":5,"minecraft:stonecutter":1,"minecraft:netherrack":275,"minecraft:oak_leaves":4,"minecraft:deepslate":236,"minecraft:deepslate_tiles":52,"minecraft:tuff":13,"minecraft:mossy_cobblestone":9,"minecraft:deepslate_diamond_ore":48,"minecraft:oak_door":3,"minecraft:lever":7,"minecraft:redstone_wire":9,"minecraft:hay_block":11,"minecraft:oak_trapdoor":16,"minecraft:furnace":5,"minecraft:andesite":18,"minecraft:gold_block":2,"minecraft:mossy_stone_brick_stairs":2,"minecraft:bookshelf":5,"minecraft:deepslate_iron_ore":43,"minecraft:rail":8,"minecraft:stripped_oak_log":8,"minecraft:bamboo":1,"minecraft:stone":217,"minecraft:smithing_table":1,"minecraft:oak_slab":2,"minecraft:glass_pane":7,"minecraft:stone_brick_slab":6,"minecraft:dandelion":1,"minecraft:crafting_table":4,"minecraft:short_grass":88,"minecraft:lectern":96,"minecraft:tall_grass":7,"minecraft:deepslate_gold_ore":24,"minecraft:yellow_bed":1,"minecraft:coal_ore":38,"minecraft:dripstone_block":3,"minecraft:cracked_stone_bricks":5,"minecraft:stone_bricks":4,"minecraft:mossy_stone_bricks":2,"minecraft:gold_ore":6,"minecraft:fern":1},"minecraft:killed_by":{"minecraft:player":1},"minecraft:dropped":{"minecraft:mossy_stone_brick_stairs":2,"minecraft:cracked_stone_bricks":5,"minecraft:emerald":433,"minecraft:cobblestone_stairs":4,"minecraft:dirt":58,"minecraft:amethyst_shard":4,"minecraft:bone":1,"minecraft:oak_door":2,"minecraft:iron_nugget":12,"minecraft:cobbled_deepslate":7,"minecraft:rotten_flesh":10,"minecraft:oak_planks":34,"minecraft:diamond_shovel":2,"minecraft:mossy_stone_brick_slab":3,"minecraft:chainmail_chestplate":3,"minecraft:poppy":3,"minecraft:chainmail_boots":24,"minecraft:chest":3,"minecraft:arrow":4,"minecraft:stone_brick_stairs":5,"minecraft:netherrack":272,"minecraft:stone_hoe":52,"minecraft:bread":608,"minecraft:wheat_seeds":10,"minecraft:golden_helmet":1,"minecraft:mossy_cobblestone":8,"minecraft:dripstone_block":2,"minecraft:feather":3,"minecraft:cobblestone":76,"minecraft:granite":23,"minecraft:grass_block":13,"minecraft:stick":9,"minecraft:gray_wool":1,"minecraft:torch":5,"minecraft:fire_charge":1,"minecraft:oak_stairs":93,"minecraft:stonecutter":1,"minecraft:iron_axe":19,"minecraft:iron_shovel":9,"minecraft:string":238,"minecraft:dandelion":1,"minecraft:stone_brick_slab":6,"minecraft:smooth_basalt":10,"minecraft:smooth_stone_slab":7,"minecraft:stone_shovel":101,"minecraft:chicken":1,"minecraft:iron_boots":19,"minecraft:oak_sign":1,"minecraft:shield":20,"minecraft:andesite":18,"minecraft:mossy_stone_bricks":2,"minecraft:spider_eye":2,"minecraft:stone_bricks":4,"minecraft:diamond_boots":2,"minecraft:bow":2,"minecraft:stone_pickaxe":4,"minecraft:wooden_pickaxe":1,"minecraft:calcite":8,"minecraft:magma_block":21,"minecraft:black_wool":1},"minecraft:custom":{"minecraft:interact_with_crafting_table":60,"minecraft:bell_ring":3,"minecraft:leave_game":10,"minecraft:time_since_death":346976,"minecraft:sprint_one_cm":547832,"minecraft:damage_blocked_by_shield":1861,"minecraft:drop":523,"minecraft:talked_to_villager":366,"minecraft:play_time":348159,"minecraft:deaths":1,"minecraft:jump":4825,"minecraft:walk_on_water_one_cm":41315,"minecraft:interact_with_furnace":49,"minecraft:traded_with_villager":1431,"minecraft:sleep_in_bed":22,"minecraft:damage_dealt":15768,"minecraft:crouch_one_cm":79344,"minecraft:inspect_dispenser":13,"minecraft:horse_one_cm":156,"minecraft:mob_kills":87,"minecraft:climb_one_cm":852,"minecraft:walk_one_cm":1032761,"minecraft:sneak_time":21072,"minecraft:walk_under_water_one_cm":13781,"minecraft:boat_one_cm":12364,"minecraft:interact_with_blast_furnace":1,"minecraft:total_world_time":348159,"minecraft:interact_with_stonecutter":1,"minecraft:time_since_rest":11998,"minecraft:damage_taken":2570,"minecraft:swim_one_cm":36512,"minecraft:fly_one_cm":843931,"minecraft:open_chest":342,"minecraft:fall_one_cm":111021},"minecraft:killed":{"minecraft:spider":7,"minecraft:skeleton":10,"minecraft:chicken":5,"minecraft:iron_golem":4,"minecraft:creeper":1,"minecraft:sheep":18,"minecraft:trader_llama":1,"minecraft:zombie":22,"minecraft:cow":4,"minecraft:slime":9,"minecraft:horse":3,"minecraft:bat":1,"minecraft:villager":1},"minecraft:picked_up":{"minecraft:chainmail_boots":24,"minecraft:smithing_table":1,"minecraft:oak_stairs":137,"minecraft:stone_brick_stairs":5,"minecraft:brewing_stand":1,"minecraft:amethyst_block":11,"minecraft:string":36313,"minecraft:smooth_stone_slab":7,"minecraft:oak_sign":1,"minecraft:deepslate_tiles":52,"minecraft:cobbled_deepslate":223,"minecraft:calcite":8,"minecraft:furnace":5,"minecraft:iron_boots":18,"minecraft:golden_helmet":1,"minecraft:stick":5,"minecraft:composter":5,"minecraft:torch":7,"minecraft:rotten_flesh":13,"minecraft:obsidian":10,"minecraft:cobblestone":402,"minecraft:magma_block":36,"minecraft:feather":3,"minecraft:water_bucket":1,"minecraft:andesite":18,"minecraft:smoker":1,"minecraft:tuff":13,"minecraft:acacia_boat":2,"minecraft:dirt":823,"minecraft:bone":1,"minecraft:stonecutter":2,"minecraft:bow":2,"minecraft:wheat_seeds":10,"minecraft:raw_gold":30,"minecraft:grindstone":5,"minecraft:mossy_stone_bricks":2,"minecraft:bamboo":5,"minecraft:powered_rail":4,"minecraft:stone_hoe":16,"minecraft:oak_planks":124,"minecraft:mossy_stone_brick_stairs":2,"minecraft:grass_block":390,"minecraft:mossy_cobblestone":9,"minecraft:barrel":32,"minecraft:diamond":48,"minecraft:lever":9,"minecraft:granite":23,"minecraft:emerald":8,"minecraft:netherrack":322,"minecraft:crafting_table":4,"minecraft:chicken":9,"minecraft:gold_block":2,"minecraft:shield":18,"minecraft:oak_trapdoor":16,"minecraft:iron_axe":6,"minecraft:iron_shovel":6,"minecraft:cracked_stone_bricks":5,"minecraft:beef":8,"minecraft:oak_boat":1,"minecraft:iron_nugget":12,"minecraft:poppy":4,"minecraft:lectern":96,"minecraft:minecart":8,"minecraft:sugar_cane":42,"minecraft:chest":4,"minecraft:egg":1,"minecraft:raw_iron":94,"minecraft:oak_door":3,"minecraft:fire_charge":2,"minecraft:redstone":225,"minecraft:arrow":5,"minecraft:stone_shovel":43,"minecraft:diamond_boots":3,"minecraft:hay_block":12,"minecraft:mutton":26,"minecraft:white_wool":16,"minecraft:rail":8,"minecraft:stripped_oak_log":8,"minecraft:tripwire_hook":9,"minecraft:leather":9,"minecraft:oak_log":86,"minecraft:chainmail_chestplate":3,"minecraft:yellow_bed":1,"minecraft:cobblestone_stairs":4,"minecraft:deepslate_tile_slab":17,"minecraft:stone_bricks":4,"minecraft:stone_pickaxe":3,"minecraft:iron_ingot":19,"minecraft:book":15,"minecraft:oak_slab":2,"minecraft:smooth_basalt":10,"minecraft:stone_brick_slab":6,"minecraft:dandelion":1,"minecraft:dripstone_block":5,"minecraft:amethyst_shard":4,"minecraft:blast_furnace":18,"minecraft:white_bed":28,"minecraft:mossy_stone_brick_slab":3,"minecraft:spider_eye":2,"minecraft:slime_ball":8,"minecraft:gray_wool":1,"minecraft:black_wool":1,"minecraft:coal":174},"minecraft:crafted":{"minecraft:grindstone":1,"minecraft:oak_planks":272,"minecraft:oak_sign":6,"minecraft:barrel":7,"minecraft:cooked_chicken":4,"minecraft:stone":3,"minecraft:lever":2,"minecraft:diamond_shovel":3,"minecraft:bookshelf":9,"minecraft:cooked_mutton":24,"minecraft:iron_boots":10,"minecraft:diamond_helmet":1,"minecraft:bow":1,"minecraft:diamond_leggings":1,"minecraft:chest":10,"minecraft:oak_button":1,"minecraft:rail":16,"minecraft:stone_hoe":36,"minecraft:oak_slab":60,"minecraft:emerald":1165,"minecraft:crafting_table":1,"minecraft:wooden_pickaxe":1,"minecraft:chainmail_chestplate":3,"minecraft:smithing_table":1,"minecraft:dispenser":1,"minecraft:apple":64,"minecraft:lectern":4,"minecraft:book":3,"minecraft:paper":9,"minecraft:diamond_pickaxe":2,"minecraft:shield":13,"minecraft:stick":40,"minecraft:stone_slab":6,"minecraft:iron_ingot":13,"minecraft:iron_pickaxe":1,"minecraft:gold_ingot":9,"minecraft:deepslate_bricks":92,"minecraft:shears":1,"minecraft:deepslate_tile_slab":30,"minecraft:stone_shovel":58,"minecraft:tripwire_hook":4,"minecraft:furnace":5,"minecraft:oak_trapdoor":22,"minecraft:polished_deepslate":92,"minecraft:iron_axe":19,"minecraft:stone_pickaxe":1,"minecraft:diamond_boots":1,"minecraft:minecart":1,"minecraft:cooked_beef":8,"minecraft:powered_rail":6,"minecraft:bucket":1,"minecraft:deepslate_tiles":92,"minecraft:stone_axe":1,"minecraft:enchanted_book":2,"minecraft:bread":480,"minecraft:air":0,"minecraft:chainmail_boots":12,"minecraft:iron_shovel":9,"minecraft:white_bed":3,"minecraft:diamond_chestplate":1},"minecraft:used":{"minecraft:iron_shovel":546,"minecraft:dispenser":1,"minecraft:poppy":1,"minecraft:oak_sign":6,"minecraft:chest":10,"minecraft:shield":58,"minecraft:rotten_flesh":3,"minecraft:deepslate_tile_slab":33,"minecraft:tuff":13,"minecraft:grass_block":113,"minecraft:bow":1,"minecraft:furnace":10,"minecraft:egg":1,"minecraft:diamond_boots":1,"minecraft:stone_pickaxe":59,"minecraft:powered_rail":7,"minecraft:wooden_pickaxe":7,"minecraft:composter":5,"minecraft:sugar_cane":25,"minecraft:blast_furnace":18,"minecraft:dripstone_block":3,"minecraft:shears":45,"minecraft:deepslate_tiles":97,"minecraft:lever":10,"minecraft:bread":1,"minecraft:string":87,"minecraft:lectern":100,"minecraft:fire_charge":1,"minecraft:grindstone":6,"minecraft:smithing_table":2,"minecraft:oak_boat":1,"minecraft:oak_trapdoor":37,"minecraft:redstone":19,"minecraft:cooked_chicken":4,"minecraft:netherrack":6,"minecraft:dirt":547,"minecraft:bookshelf":5,"minecraft:iron_axe":605,"minecraft:barrel":39,"minecraft:tripwire_hook":13,"minecraft:minecart":2,"minecraft:cooked_beef":8,"minecraft:cobbled_deepslate":124,"minecraft:cooked_mutton":24,"minecraft:water_bucket":43,"minecraft:mossy_cobblestone":1,"minecraft:rail":10,"minecraft:oak_slab":32,"minecraft:crafting_table":5,"minecraft:white_bed":27,"minecraft:oak_log":12,"minecraft:diamond_pickaxe":1198,"minecraft:apple":32,"minecraft:diamond_shovel":680,"minecraft:oak_button":1,"minecraft:iron_pickaxe":250,"minecraft:stone_axe":83,"minecraft:cobblestone":163,"minecraft:bucket":43}},"DataVersion":3700}