{"stats":{"minecraft:broken":{"minecraft:iron_shovel":2,"minecraft:stone_axe":1,"minecraft:iron_axe":2,"minecraft:iron_pickaxe":1},"minecraft:killed":{"minecraft:spider":7,"minecraft:shulker":40,"minecraft:skeleton":13,"minecraft:chicken":5,"minecraft:piglin":7,"minecraft:iron_golem":4,"minecraft:creeper":1,"minecraft:sheep":18,"minecraft:trader_llama":1,"minecraft:zombie":24,"minecraft:blaze":7,"minecraft:cow":4,"minecraft:slime":9,"minecraft:horse":3,"minecraft:bat":1,"minecraft:hoglin":2,"minecraft:wither_skeleton":3,"minecraft:villager":1,"minecraft:enderman":18},"minecraft:used":{"minecraft:iron_shovel":546,"minecraft:dispenser":1,"minecraft:elytra":8,"minecraft:poppy":1,"minecraft:oak_sign":6,"minecraft:chest":10,"minecraft:shield":58,"minecraft:rotten_flesh":3,"minecraft:nether_bricks":1,"minecraft:deepslate_tile_slab":48,"minecraft:tuff":13,"minecraft:obsidian":10,"minecraft:grass_block":133,"minecraft:bow":66,"minecraft:furnace":10,"minecraft:egg":1,"minecraft:diamond_boots":3,"minecraft:end_stone_bricks":7,"minecraft:stone_pickaxe":59,"minecraft:powered_rail":7,"minecraft:ender_pearl":38,"minecraft:wooden_pickaxe":7,"minecraft:composter":5,"minecraft:diamond_axe":385,"minecraft:sugar_cane":25,"minecraft:white_wool":193,"minecraft:blast_furnace":18,"minecraft:dripstone_block":3,"minecraft:end_stone":923,"minecraft:shears":45,"minecraft:deepslate_tiles":97,"minecraft:lever":10,"minecraft:bread":70,"minecraft:string":87,"minecraft:lectern":243,"minecraft:gravel":40,"minecraft:iron_door":1,"minecraft:diamond_sword":333,"minecraft:fire_charge":1,"minecraft:grindstone":6,"minecraft:smithing_table":2,"minecraft:oak_boat":1,"minecraft:purpur_block":1,"minecraft:oak_trapdoor":37,"minecraft:flint_and_steel":1,"minecraft:redstone":19,"minecraft:ender_chest":1,"minecraft:cooked_chicken":4,"minecraft:netherrack":180,"minecraft:brewing_stand":2,"minecraft:dirt":643,"minecraft:anvil":3,"minecraft:bookshelf":12,"minecraft:iron_axe":624,"minecraft:barrel":39,"minecraft:diamond_chestplate":7,"minecraft:tripwire_hook":13,"minecraft:minecart":2,"minecraft:cooked_beef":8,"minecraft:cobbled_deepslate":125,"minecraft:cooked_mutton":24,"minecraft:acacia_boat":1,"minecraft:water_bucket":62,"minecraft:fletching_table":1,"minecraft:mossy_cobblestone":1,"minecraft:rail":12,"minecraft:oak_slab":32,"minecraft:crafting_table":6,"minecraft:white_bed":29,"minecraft:oak_log":12,"minecraft:ender_eye":14,"minecraft:diamond_pickaxe":3782,"minecraft:apple":64,"minecraft:diamond_shovel":1461,"minecraft:oak_button":1,"minecraft:iron_pickaxe":250,"minecraft:purpur_slab":1,"minecraft:stone_axe":83,"minecraft:cobblestone":196,"minecraft:bucket":62},"minecraft:picked_up":{"minecraft:shulker_shell":30,"minecraft:chainmail_boots":24,"minecraft:smithing_table":1,"minecraft:oak_stairs":243,"minecraft:stone_brick_stairs":7,"minecraft:brewing_stand":2,"minecraft:amethyst_block":11,"minecraft:string":66031,"minecraft:smooth_stone_slab":7,"minecraft:oak_sign":1,"minecraft:deepslate_tiles":52,"minecraft:cobbled_deepslate":225,"minecraft:calcite":8,"minecraft:ender_eye":7,"minecraft:furnace":5,"minecraft:iron_boots":18,"minecraft:golden_helmet":1,"minecraft:stick":8,"minecraft:composter":5,"minecraft:oak_fence":21,"minecraft:torch":17,"minecraft:acacia_log":3,"minecraft:porkchop":17,"minecraft:diorite":29,"minecraft:rotten_flesh":14,"minecraft:iron_block":2,"minecraft:white_terracotta":47,"minecraft:blaze_rod":11,"minecraft:obsidian":28,"minecraft:iron_bars":2,"minecraft:cobblestone":614,"minecraft:magma_block":54,"minecraft:feather":3,"minecraft:iron_door":2,"minecraft:water_bucket":1,"minecraft:andesite":41,"minecraft:smoker":1,"minecraft:flint":1,"minecraft:tuff":13,"minecraft:acacia_boat":4,"minecraft:lapis_lazuli":13,"minecraft:dirt":1213,"minecraft:bone":16,"minecraft:bow":2,"minecraft:stonecutter":2,"minecraft:wheat_seeds":14,"minecraft:raw_gold":30,"minecraft:bell":2,"minecraft:grindstone":6,"minecraft:mossy_stone_bricks":2,"minecraft:fletching_table":1,"minecraft:bamboo":5,"minecraft:powered_rail":4,"minecraft:stone_hoe":16,"minecraft:oak_planks":159,"minecraft:mossy_stone_brick_stairs":2,"minecraft:grass_block":611,"minecraft:mossy_cobblestone":31,"minecraft:barrel":32,"minecraft:clay":4,"minecraft:diamond":48,"minecraft:lever":9,"minecraft:granite":32,"minecraft:emerald":8,"minecraft:bread":9,"minecraft:oak_sapling":2,"minecraft:netherrack":1078,"minecraft:crimson_roots":4,"minecraft:end_stone_bricks":8,"minecraft:crafting_table":4,"minecraft:chicken":9,"minecraft:gold_block":2,"minecraft:purpur_block":15,"minecraft:shield":18,"minecraft:oak_trapdoor":18,"minecraft:elytra":2,"minecraft:iron_axe":7,"minecraft:item_frame":1,"minecraft:iron_shovel":6,"minecraft:blackstone":8,"minecraft:cracked_stone_bricks":5,"minecraft:beef":8,"minecraft:oak_boat":1,"minecraft:iron_nugget":12,"minecraft:poppy":4,"minecraft:minecart":15,"minecraft:lectern":235,"minecraft:sugar_cane":42,"minecraft:chest":4,"minecraft:egg":1,"minecraft:raw_iron":116,"minecraft:end_stone":1461,"minecraft:oak_door":5,"minecraft:bowl":2,"minecraft:fire_charge":2,"minecraft:redstone":225,"minecraft:arrow":5,"minecraft:stone_shovel":43,"minecraft:nether_bricks":11,"minecraft:diamond_boots":3,"minecraft:purpur_slab":2,"minecraft:hay_block":12,"minecraft:mutton":30,"minecraft:rail":9,"minecraft:white_wool":149,"minecraft:stripped_oak_log":8,"minecraft:tripwire_hook":9,"minecraft:leather":15,"minecraft:purpur_stairs":3,"minecraft:oak_log":141,"minecraft:chainmail_chestplate":3,"minecraft:yellow_bed":1,"minecraft:cobblestone_stairs":16,"minecraft:deepslate_tile_slab":25,"minecraft:orange_terracotta":3,"minecraft:stone_bricks":6,"minecraft:iron_ingot":23,"minecraft:stone_pickaxe":3,"minecraft:book":102,"minecraft:oak_slab":4,"minecraft:smooth_basalt":10,"minecraft:stone_brick_slab":10,"minecraft:quartz":19,"minecraft:dandelion":3,"minecraft:dripstone_block":5,"minecraft:gravel":53,"minecraft:amethyst_shard":4,"minecraft:blast_furnace":18,"minecraft:white_bed":30,"minecraft:mossy_stone_brick_slab":4,"minecraft:spider_eye":2,"minecraft:dragon_egg":1,"minecraft:slime_ball":8,"minecraft:gray_wool":1,"minecraft:terracotta":2,"minecraft:black_wool":1,"minecraft:coal":181,"minecraft:ender_pearl":38},"minecraft:custom":{"minecraft:interact_with_crafting_table":71,"minecraft:bell_ring":3,"minecraft:leave_game":14,"minecraft:time_since_death":620668,"minecraft:sprint_one_cm":1031576,"minecraft:damage_blocked_by_shield":1861,"minecraft:drop":699,"minecraft:talked_to_villager":824,"minecraft:play_time":621920,"minecraft:deaths":1,"minecraft:jump":9334,"minecraft:walk_on_water_one_cm":51818,"minecraft:interact_with_furnace":58,"minecraft:traded_with_villager":2839,"minecraft:sleep_in_bed":33,"minecraft:open_enderchest":4,"minecraft:damage_dealt":41082,"minecraft:crouch_one_cm":178720,"minecraft:inspect_dispenser":19,"minecraft:horse_one_cm":156,"minecraft:interact_with_anvil":19,"minecraft:mob_kills":170,"minecraft:climb_one_cm":3313,"minecraft:walk_one_cm":1604152,"minecraft:sneak_time":42034,"minecraft:walk_under_water_one_cm":26229,"minecraft:boat_one_cm":146364,"minecraft:interact_with_blast_furnace":1,"minecraft:total_world_time":621920,"minecraft:interact_with_stonecutter":1,"minecraft:interact_with_grindstone":1,"minecraft:time_since_rest":763,"minecraft:damage_taken":5477,"minecraft:swim_one_cm":37433,"minecraft:fly_one_cm":2760664,"minecraft:open_chest":484,"minecraft:aviate_one_cm":359631,"minecraft:fall_one_cm":248643},"minecraft:crafted":{"minecraft:grindstone":1,"minecraft:oak_planks":272,"minecraft:barrel":7,"minecraft:oak_sign":6,"minecraft:blaze_powder":18,"minecraft:cooked_chicken":4,"minecraft:stone":3,"minecraft:lever":2,"minecraft:diamond_shovel":3,"minecraft:bookshelf":20,"minecraft:cooked_mutton":24,"minecraft:diamond_helmet":1,"minecraft:bow":2,"minecraft:diamond_leggings":1,"minecraft:iron_boots":10,"minecraft:chest":10,"minecraft:oak_button":1,"minecraft:rail":16,"minecraft:stone_hoe":36,"minecraft:ender_eye":16,"minecraft:oak_slab":60,"minecraft:arrow":64,"minecraft:emerald":2454,"minecraft:diamond_axe":1,"minecraft:crafting_table":2,"minecraft:wooden_pickaxe":1,"minecraft:chainmail_chestplate":3,"minecraft:smithing_table":1,"minecraft:dispenser":1,"minecraft:apple":64,"minecraft:lectern":8,"minecraft:book":3,"minecraft:paper":9,"minecraft:diamond_pickaxe":2,"minecraft:shield":13,"minecraft:stick":44,"minecraft:stone_slab":6,"minecraft:iron_ingot":82,"minecraft:iron_pickaxe":1,"minecraft:iron_block":7,"minecraft:gold_ingot":9,"minecraft:deepslate_bricks":92,"minecraft:shears":1,"minecraft:deepslate_tile_slab":30,"minecraft:redstone":20,"minecraft:stone_shovel":58,"minecraft:tripwire_hook":4,"minecraft:furnace":5,"minecraft:oak_trapdoor":22,"minecraft:flint_and_steel":1,"minecraft:polished_deepslate":92,"minecraft:iron_axe":19,"minecraft:ender_pearl":31,"minecraft:stone_pickaxe":1,"minecraft:diamond_boots":1,"minecraft:minecart":1,"minecraft:cooked_beef":8,"minecraft:diamond_sword":1,"minecraft:powered_rail":6,"minecraft:bucket":1,"minecraft:deepslate_tiles":92,"minecraft:stone_axe":1,"minecraft:glowstone":8,"minecraft:enchanted_book":29,"minecraft:bread":576,"minecraft:air":0,"minecraft:white_wool":792,"minecraft:chainmail_boots":12,"minecraft:iron_shovel":9,"minecraft:anvil":3,"minecraft:white_bed":4,"minecraft:acacia_planks":12,"minecraft:lapis_lazuli":12,"minecraft:diamond_chestplate":1,"minecraft:ender_chest":1},"minecraft:dropped":{"minecraft:clay":4,"minecraft:acacia_boat":1,"minecraft:porkchop":17,"minecraft:lapis_lazuli":13,"minecraft:ender_pearl":12,"minecraft:leather":6,"minecraft:mossy_stone_brick_stairs":2,"minecraft:cracked_stone_bricks":5,"minecraft:purpur_stairs":3,"minecraft:item_frame":1,"minecraft:cobblestone_stairs":16,"minecraft:emerald":437,"minecraft:dirt":448,"minecraft:mutton":4,"minecraft:crimson_roots":4,"minecraft:amethyst_shard":4,"minecraft:white_wool":857,"minecraft:bone":16,"minecraft:oak_door":4,"minecraft:gravel":6,"minecraft:blackstone":8,"minecraft:purpur_block":14,"minecraft:iron_nugget":12,"minecraft:cobbled_deepslate":8,"minecraft:rotten_flesh":11,"minecraft:oak_planks":70,"minecraft:diamond_shovel":2,"minecraft:end_stone":26,"minecraft:mossy_stone_brick_slab":4,"minecraft:chainmail_chestplate":3,"minecraft:poppy":3,"minecraft:chainmail_boots":24,"minecraft:chest":3,"minecraft:end_stone_bricks":1,"minecraft:iron_bars":2,"minecraft:arrow":4,"minecraft:stone_brick_stairs":7,"minecraft:netherrack":661,"minecraft:stone_hoe":52,"minecraft:enchanted_book":2,"minecraft:bread":608,"minecraft:oak_slab":2,"minecraft:wheat_seeds":14,"minecraft:golden_helmet":1,"minecraft:mossy_cobblestone":30,"minecraft:minecart":1,"minecraft:dripstone_block":2,"minecraft:oak_fence":21,"minecraft:purpur_slab":1,"minecraft:feather":3,"minecraft:cobblestone":255,"minecraft:book":2,"minecraft:granite":32,"minecraft:grass_block":150,"minecraft:coal":7,"minecraft:stick":13,"minecraft:gray_wool":1,"minecraft:diorite":29,"minecraft:torch":15,"minecraft:iron_door":1,"minecraft:fire_charge":1,"minecraft:oak_stairs":199,"minecraft:stonecutter":1,"minecraft:iron_axe":21,"minecraft:iron_shovel":9,"minecraft:string":2562,"minecraft:acacia_planks":5,"minecraft:dandelion":3,"minecraft:stone_brick_slab":10,"minecraft:smooth_basalt":10,"minecraft:oak_trapdoor":2,"minecraft:smooth_stone_slab":7,"minecraft:bowl":2,"minecraft:stone_shovel":101,"minecraft:chicken":1,"minecraft:iron_boots":19,"minecraft:ender_eye":4,"minecraft:white_terracotta":47,"minecraft:oak_sign":1,"minecraft:nether_bricks":10,"minecraft:shield":20,"minecraft:orange_terracotta":3,"minecraft:dragon_egg":1,"minecraft:andesite":41,"minecraft:mossy_stone_bricks":2,"minecraft:oak_sapling":2,"minecraft:spider_eye":2,"minecraft:stone_bricks":6,"minecraft:diamond_boots":2,"minecraft:bow":3,"minecraft:stone_pickaxe":4,"minecraft:wooden_pickaxe":1,"minecraft:calcite":8,"minecraft:magma_block":39,"minecraft:black_wool":1,"minecraft:terracotta":2},"minecraft:mined":{"minecraft:large_amethyst_bud":2,"minecraft:white_bed":28,"minecraft:mossy_stone_brick_slab":6,"minecraft:cobblestone_stairs":16,"minecraft:jungle_leaves":1,"minecraft:brewing_stand":2,"minecraft:obsidian":20,"minecraft:granite":26,"minecraft:budding_amethyst":1,"minecraft:acacia_log":3,"minecraft:grass_block":845,"minecraft:soul_soil":3,"minecraft:purpur_slab":3,"minecraft:composter":5,"minecraft:spawner":2,"minecraft:magma_block":46,"minecraft:iron_ore":62,"minecraft:barrel":32,"minecraft:cobbled_deepslate":3,"minecraft:fire":1,"minecraft:fletching_table":1,"minecraft:dirt_path":226,"minecraft:oak_stairs":253,"minecraft:iron_bars":2,"minecraft:end_stone_bricks":8,"minecraft:tripwire":9,"minecraft:deepslate_redstone_ore":48,"minecraft:blackstone":8,"minecraft:smoker":1,"minecraft:crimson_nylium":3,"minecraft:amethyst_cluster":1,"minecraft:deepslate_tile_slab":24,"minecraft:purpur_stairs":7,"minecraft:clay":4,"minecraft:blast_furnace":18,"minecraft:calcite":8,"minecraft:poppy":1,"minecraft:chest":4,"minecraft:nether_quartz_ore":19,"minecraft:cobblestone":283,"minecraft:oak_planks":136,"minecraft:grindstone":6,"minecraft:sugar_cane":16,"minecraft:iron_door":2,"minecraft:amethyst_block":11,"minecraft:white_terracotta":47,"minecraft:powered_rail":4,"minecraft:purpur_block":16,"minecraft:stone_brick_stairs":7,"minecraft:smooth_stone_slab":5,"minecraft:oak_log":142,"minecraft:dirt":883,"minecraft:smooth_basalt":10,"minecraft:tripwire_hook":5,"minecraft:stonecutter":1,"minecraft:netherrack":882,"minecraft:oak_leaves":6,"minecraft:deepslate":237,"minecraft:deepslate_tiles":52,"minecraft:tuff":13,"minecraft:mossy_cobblestone":42,"minecraft:deepslate_diamond_ore":48,"minecraft:oak_door":5,"minecraft:end_stone":1457,"minecraft:nether_bricks":11,"minecraft:lever":7,"minecraft:crimson_roots":2,"minecraft:redstone_wire":9,"minecraft:hay_block":11,"minecraft:oak_trapdoor":18,"minecraft:furnace":5,"minecraft:andesite":31,"minecraft:gold_block":2,"minecraft:bell":1,"minecraft:mossy_stone_brick_stairs":2,"minecraft:bookshelf":34,"minecraft:deepslate_iron_ore":54,"minecraft:rail":9,"minecraft:stripped_oak_log":8,"minecraft:bamboo":1,"minecraft:stone":338,"minecraft:white_wool":6,"minecraft:ender_chest":1,"minecraft:smithing_table":1,"minecraft:oak_slab":3,"minecraft:glass_pane":17,"minecraft:soul_sand":11,"minecraft:magenta_stained_glass":1,"minecraft:stone_brick_slab":10,"minecraft:dandelion":2,"minecraft:oak_fence":21,"minecraft:crafting_table":4,"minecraft:short_grass":98,"minecraft:lectern":235,"minecraft:purpur_pillar":1,"minecraft:tall_grass":9,"minecraft:deepslate_gold_ore":24,"minecraft:diorite":16,"minecraft:yellow_bed":1,"minecraft:coal_ore":38,"minecraft:gravel":54,"minecraft:dripstone_block":3,"minecraft:cracked_stone_bricks":6,"minecraft:terracotta":2,"minecraft:stone_bricks":8,"minecraft:mossy_stone_bricks":5,"minecraft:gold_ore":6,"minecraft:fern":1},"minecraft:killed_by":{"minecraft:player":1}},"DataVersion":3700}