{"stats":{"minecraft:used":{"minecraft:oak_trapdoor":16,"minecraft:iron_shovel":286,"minecraft:redstone":7,"minecraft:oak_sign":1,"minecraft:chest":8,"minecraft:shield":58,"minecraft:cooked_chicken":4,"minecraft:rotten_flesh":3,"minecraft:netherrack":5,"minecraft:dirt":31,"minecraft:tuff":13,"minecraft:iron_axe":131,"minecraft:tripwire_hook":11,"minecraft:furnace":6,"minecraft:egg":1,"minecraft:cobbled_deepslate":64,"minecraft:cooked_mutton":10,"minecraft:water_bucket":15,"minecraft:diamond_boots":1,"minecraft:stone_pickaxe":59,"minecraft:wooden_pickaxe":7,"minecraft:crafting_table":5,"minecraft:white_bed":6,"minecraft:shears":23,"minecraft:deepslate_tiles":71,"minecraft:lever":4,"minecraft:diamond_pickaxe":299,"minecraft:bread":1,"minecraft:string":40,"minecraft:iron_pickaxe":250,"minecraft:stone_axe":83,"minecraft:cobblestone":97,"minecraft:bucket":15,"minecraft:oak_boat":1},"minecraft:dropped":{"minecraft:wheat_seeds":5,"minecraft:mossy_cobblestone":2,"minecraft:cobblestone":29,"minecraft:feather":3,"minecraft:granite":9,"minecraft:cracked_stone_bricks":2,"minecraft:cobblestone_stairs":1,"minecraft:stick":1,"minecraft:dirt":52,"minecraft:gray_wool":1,"minecraft:amethyst_shard":4,"minecraft:string":55,"minecraft:smooth_basalt":5,"minecraft:cobbled_deepslate":4,"minecraft:chicken":1,"minecraft:rotten_flesh":1,"minecraft:oak_planks":7,"minecraft:mossy_stone_brick_slab":1,"minecraft:poppy":1,"minecraft:andesite":18,"minecraft:mossy_stone_bricks":1,"minecraft:stone_bricks":1,"minecraft:arrow":2,"minecraft:wooden_pickaxe":1,"minecraft:stone_pickaxe":4,"minecraft:calcite":8,"minecraft:stone_brick_stairs":1,"minecraft:black_wool":1},"minecraft:custom":{"minecraft:mob_kills":43,"minecraft:interact_with_crafting_table":27,"minecraft:leave_game":2,"minecraft:time_since_death":129089,"minecraft:climb_one_cm":852,"minecraft:sprint_one_cm":132280,"minecraft:walk_one_cm":408720,"minecraft:damage_blocked_by_shield":1861,"minecraft:drop":39,"minecraft:talked_to_villager":3,"minecraft:play_time":130272,"minecraft:sneak_time":7460,"minecraft:deaths":1,"minecraft:walk_under_water_one_cm":4587,"minecraft:boat_one_cm":12364,"minecraft:jump":1402,"minecraft:walk_on_water_one_cm":23699,"minecraft:total_world_time":130272,"minecraft:interact_with_furnace":30,"minecraft:sleep_in_bed":7,"minecraft:time_since_rest":2239,"minecraft:damage_taken":1041,"minecraft:damage_dealt":5716,"minecraft:swim_one_cm":23006,"minecraft:fly_one_cm":183663,"minecraft:open_chest":71,"minecraft:crouch_one_cm":25592,"minecraft:fall_one_cm":26595},"minecraft:crafted":{"minecraft:oak_planks":96,"minecraft:oak_sign":3,"minecraft:tripwire_hook":2,"minecraft:cooked_chicken":4,"minecraft:furnace":1,"minecraft:lever":2,"minecraft:cooked_mutton":24,"minecraft:oak_trapdoor":6,"minecraft:polished_deepslate":44,"minecraft:iron_axe":1,"minecraft:stone_pickaxe":1,"minecraft:chest":8,"minecraft:crafting_table":1,"minecraft:wooden_pickaxe":1,"minecraft:bucket":1,"minecraft:stone_axe":1,"minecraft:deepslate_tiles":44,"minecraft:air":0,"minecraft:diamond_pickaxe":1,"minecraft:shield":1,"minecraft:stick":16,"minecraft:iron_ingot":6,"minecraft:iron_pickaxe":1,"minecraft:iron_shovel":2,"minecraft:white_bed":1,"minecraft:deepslate_bricks":44,"minecraft:shears":1},"minecraft:picked_up":{"minecraft:crafting_table":4,"minecraft:chicken":5,"minecraft:oak_stairs":42,"minecraft:gold_block":2,"minecraft:stone_brick_stairs":1,"minecraft:amethyst_block":11,"minecraft:string":4042,"minecraft:oak_trapdoor":14,"minecraft:cracked_stone_bricks":2,"minecraft:deepslate_tiles":44,"minecraft:cobbled_deepslate":112,"minecraft:oak_boat":1,"minecraft:calcite":8,"minecraft:poppy":1,"minecraft:sugar_cane":8,"minecraft:chest":1,"minecraft:furnace":5,"minecraft:egg":1,"minecraft:stick":5,"minecraft:raw_iron":18,"minecraft:oak_door":1,"minecraft:torch":2,"minecraft:redstone":127,"minecraft:arrow":2,"minecraft:rotten_flesh":4,"minecraft:diamond_boots":1,"minecraft:hay_block":12,"minecraft:mutton":26,"minecraft:white_wool":16,"minecraft:cobblestone":206,"minecraft:magma_block":4,"minecraft:feather":3,"minecraft:tripwire_hook":9,"minecraft:andesite":18,"minecraft:tuff":13,"minecraft:oak_log":38,"minecraft:cobblestone_stairs":1,"minecraft:dirt":289,"minecraft:stone_bricks":1,"minecraft:wheat_seeds":5,"minecraft:raw_gold":13,"minecraft:stone_pickaxe":3,"minecraft:iron_ingot":10,"minecraft:mossy_stone_bricks":1,"minecraft:bamboo":5,"minecraft:oak_planks":64,"minecraft:smooth_basalt":5,"minecraft:amethyst_shard":4,"minecraft:white_bed":7,"minecraft:mossy_stone_brick_slab":1,"minecraft:mossy_cobblestone":2,"minecraft:slime_ball":5,"minecraft:diamond":7,"minecraft:lever":3,"minecraft:granite":9,"minecraft:gray_wool":1,"minecraft:netherrack":40,"minecraft:black_wool":1,"minecraft:coal":163},"minecraft:broken":{"minecraft:iron_shovel":1,"minecraft:stone_axe":1,"minecraft:iron_pickaxe":1},"minecraft:killed_by":{"minecraft:player":1},"minecraft:killed":{"minecraft:spider":1,"minecraft:slime":9,"minecraft:skeleton":1,"minecraft:chicken":5,"minecraft:iron_golem":2,"minecraft:sheep":18,"minecraft:zombie":7},"minecraft:mined":{"minecraft:deepslate_tiles":44,"minecraft:large_amethyst_bud":2,"minecraft:tuff":13,"minecraft:white_bed":5,"minecraft:mossy_cobblestone":2,"minecraft:mossy_stone_brick_slab":2,"minecraft:deepslate_diamond_ore":7,"minecraft:oak_door":1,"minecraft:cobblestone_stairs":1,"minecraft:lever":1,"minecraft:granite":9,"minecraft:budding_amethyst":1,"minecraft:grass_block":149,"minecraft:redstone_wire":3,"minecraft:spawner":1,"minecraft:hay_block":11,"minecraft:magma_block":5,"minecraft:oak_trapdoor":14,"minecraft:furnace":5,"minecraft:iron_ore":6,"minecraft:cobbled_deepslate":1,"minecraft:andesite":18,"minecraft:gold_block":2,"minecraft:deepslate_iron_ore":12,"minecraft:dirt_path":41,"minecraft:oak_stairs":44,"minecraft:bamboo":1,"minecraft:stone":116,"minecraft:tripwire":6,"minecraft:deepslate_redstone_ore":27,"minecraft:glass_pane":1,"minecraft:amethyst_cluster":1,"minecraft:crafting_table":4,"minecraft:short_grass":54,"minecraft:calcite":8,"minecraft:poppy":1,"minecraft:chest":1,"minecraft:tall_grass":3,"minecraft:cobblestone":92,"minecraft:deepslate_gold_ore":13,"minecraft:sugar_cane":4,"minecraft:oak_planks":41,"minecraft:amethyst_block":11,"minecraft:stone_brick_stairs":1,"minecraft:oak_log":38,"minecraft:coal_ore":27,"minecraft:dirt":100,"minecraft:cracked_stone_bricks":2,"minecraft:smooth_basalt":5,"minecraft:tripwire_hook":5,"minecraft:stone_bricks":1,"minecraft:netherrack":40,"minecraft:mossy_stone_bricks":1,"minecraft:oak_leaves":4,"minecraft:deepslate":119,"minecraft:fern":1}},"DataVersion":3700}