{"stats":{"minecraft:used":{"minecraft:oak_trapdoor":31,"minecraft:iron_shovel":526,"minecraft:dispenser":1,"minecraft:redstone":7,"minecraft:oak_sign":5,"minecraft:chest":8,"minecraft:shield":58,"minecraft:cooked_chicken":4,"minecraft:rotten_flesh":3,"minecraft:netherrack":5,"minecraft:dirt":344,"minecraft:deepslate_tile_slab":12,"minecraft:tuff":13,"minecraft:iron_axe":272,"minecraft:barrel":18,"minecraft:tripwire_hook":11,"minecraft:furnace":6,"minecraft:egg":1,"minecraft:cobbled_deepslate":64,"minecraft:cooked_mutton":18,"minecraft:water_bucket":30,"minecraft:diamond_boots":1,"minecraft:powered_rail":3,"minecraft:stone_pickaxe":59,"minecraft:wooden_pickaxe":7,"minecraft:composter":5,"minecraft:oak_slab":32,"minecraft:crafting_table":5,"minecraft:blast_furnace":10,"minecraft:white_bed":23,"minecraft:shears":23,"minecraft:deepslate_tiles":71,"minecraft:oak_log":12,"minecraft:lever":4,"minecraft:diamond_pickaxe":631,"minecraft:bread":1,"minecraft:oak_button":1,"minecraft:string":40,"minecraft:iron_pickaxe":250,"minecraft:stone_axe":83,"minecraft:cobblestone":112,"minecraft:bucket":30,"minecraft:oak_boat":1},"minecraft:dropped":{"minecraft:bread":320,"minecraft:wheat_seeds":5,"minecraft:mossy_cobblestone":3,"minecraft:cobblestone":36,"minecraft:feather":3,"minecraft:mossy_stone_brick_stairs":2,"minecraft:granite":9,"minecraft:cracked_stone_bricks":5,"minecraft:cobblestone_stairs":1,"minecraft:stick":7,"minecraft:dirt":54,"minecraft:gray_wool":1,"minecraft:torch":3,"minecraft:oak_stairs":42,"minecraft:amethyst_shard":4,"minecraft:stonecutter":1,"minecraft:string":55,"minecraft:stone_brick_slab":6,"minecraft:smooth_basalt":10,"minecraft:oak_door":1,"minecraft:cobbled_deepslate":6,"minecraft:smooth_stone_slab":7,"minecraft:chicken":1,"minecraft:rotten_flesh":1,"minecraft:iron_boots":10,"minecraft:oak_planks":7,"minecraft:mossy_stone_brick_slab":3,"minecraft:oak_sign":1,"minecraft:poppy":3,"minecraft:shield":8,"minecraft:andesite":18,"minecraft:chainmail_boots":12,"minecraft:mossy_stone_bricks":2,"minecraft:stone_bricks":4,"minecraft:arrow":2,"minecraft:wooden_pickaxe":1,"minecraft:stone_pickaxe":4,"minecraft:magma_block":17,"minecraft:calcite":8,"minecraft:stone_brick_stairs":5,"minecraft:netherrack":197,"minecraft:black_wool":1},"minecraft:custom":{"minecraft:mob_kills":47,"minecraft:interact_with_crafting_table":41,"minecraft:bell_ring":1,"minecraft:leave_game":2,"minecraft:time_since_death":183089,"minecraft:climb_one_cm":852,"minecraft:sprint_one_cm":229170,"minecraft:walk_one_cm":598954,"minecraft:damage_blocked_by_shield":1861,"minecraft:drop":168,"minecraft:talked_to_villager":44,"minecraft:play_time":184272,"minecraft:sneak_time":12092,"minecraft:deaths":1,"minecraft:walk_under_water_one_cm":4587,"minecraft:boat_one_cm":12364,"minecraft:jump":2156,"minecraft:interact_with_blast_furnace":1,"minecraft:walk_on_water_one_cm":28985,"minecraft:total_world_time":184272,"minecraft:interact_with_furnace":30,"minecraft:traded_with_villager":227,"minecraft:interact_with_stonecutter":1,"minecraft:sleep_in_bed":11,"minecraft:time_since_rest":4692,"minecraft:damage_taken":1330,"minecraft:damage_dealt":8096,"minecraft:swim_one_cm":23006,"minecraft:fly_one_cm":330828,"minecraft:open_chest":141,"minecraft:crouch_one_cm":45170,"minecraft:fall_one_cm":39998,"minecraft:inspect_dispenser":2},"minecraft:crafted":{"minecraft:oak_planks":180,"minecraft:barrel":7,"minecraft:oak_sign":6,"minecraft:tripwire_hook":2,"minecraft:cooked_chicken":4,"minecraft:furnace":1,"minecraft:lever":2,"minecraft:cooked_mutton":24,"minecraft:oak_trapdoor":16,"minecraft:iron_boots":10,"minecraft:bow":1,"minecraft:polished_deepslate":44,"minecraft:iron_axe":2,"minecraft:stone_pickaxe":1,"minecraft:chest":8,"minecraft:oak_button":1,"minecraft:rail":16,"minecraft:oak_slab":54,"minecraft:emerald":165,"minecraft:crafting_table":1,"minecraft:powered_rail":6,"minecraft:wooden_pickaxe":1,"minecraft:bucket":1,"minecraft:stone_axe":1,"minecraft:deepslate_tiles":44,"minecraft:bread":192,"minecraft:air":0,"minecraft:dispenser":1,"minecraft:diamond_pickaxe":1,"minecraft:shield":9,"minecraft:stick":32,"minecraft:chainmail_boots":12,"minecraft:iron_ingot":6,"minecraft:iron_pickaxe":1,"minecraft:iron_shovel":3,"minecraft:gold_ingot":9,"minecraft:white_bed":3,"minecraft:deepslate_bricks":44,"minecraft:shears":1,"minecraft:deepslate_tile_slab":30},"minecraft:picked_up":{"minecraft:crafting_table":4,"minecraft:chicken":9,"minecraft:oak_stairs":86,"minecraft:gold_block":2,"minecraft:stone_brick_stairs":5,"minecraft:amethyst_block":11,"minecraft:string":7042,"minecraft:oak_trapdoor":16,"minecraft:smooth_stone_slab":7,"minecraft:cracked_stone_bricks":5,"minecraft:deepslate_tiles":44,"minecraft:cobbled_deepslate":114,"minecraft:oak_boat":1,"minecraft:calcite":8,"minecraft:poppy":3,"minecraft:sugar_cane":8,"minecraft:chest":1,"minecraft:furnace":5,"minecraft:egg":1,"minecraft:stick":5,"minecraft:raw_iron":18,"minecraft:oak_door":2,"minecraft:composter":5,"minecraft:torch":5,"minecraft:redstone":127,"minecraft:arrow":2,"minecraft:rotten_flesh":4,"minecraft:diamond_boots":1,"minecraft:hay_block":12,"minecraft:obsidian":10,"minecraft:mutton":26,"minecraft:white_wool":16,"minecraft:cobblestone":281,"minecraft:stripped_oak_log":8,"minecraft:magma_block":30,"minecraft:feather":3,"minecraft:water_bucket":1,"minecraft:tripwire_hook":9,"minecraft:andesite":18,"minecraft:smoker":1,"minecraft:tuff":13,"minecraft:oak_log":57,"minecraft:yellow_bed":1,"minecraft:acacia_boat":2,"minecraft:cobblestone_stairs":1,"minecraft:deepslate_tile_slab":5,"minecraft:dirt":525,"minecraft:stone_bricks":4,"minecraft:stonecutter":2,"minecraft:wheat_seeds":5,"minecraft:raw_gold":13,"minecraft:stone_pickaxe":3,"minecraft:iron_ingot":19,"minecraft:mossy_stone_bricks":2,"minecraft:bamboo":5,"minecraft:oak_planks":94,"minecraft:mossy_stone_brick_stairs":2,"minecraft:oak_slab":2,"minecraft:smooth_basalt":10,"minecraft:stone_brick_slab":6,"minecraft:amethyst_shard":4,"minecraft:blast_furnace":10,"minecraft:white_bed":24,"minecraft:barrel":15,"minecraft:mossy_stone_brick_slab":3,"minecraft:mossy_cobblestone":3,"minecraft:slime_ball":5,"minecraft:diamond":7,"minecraft:lever":3,"minecraft:granite":9,"minecraft:gray_wool":1,"minecraft:netherrack":237,"minecraft:black_wool":1,"minecraft:coal":163},"minecraft:broken":{"minecraft:iron_shovel":2,"minecraft:iron_axe":1,"minecraft:stone_axe":1,"minecraft:iron_pickaxe":1},"minecraft:killed_by":{"minecraft:player":1},"minecraft:killed":{"minecraft:spider":1,"minecraft:slime":9,"minecraft:skeleton":3,"minecraft:chicken":5,"minecraft:iron_golem":4,"minecraft:sheep":18,"minecraft:zombie":7},"minecraft:mined":{"minecraft:deepslate_tiles":44,"minecraft:large_amethyst_bud":2,"minecraft:tuff":13,"minecraft:white_bed":22,"minecraft:mossy_cobblestone":3,"minecraft:mossy_stone_brick_slab":4,"minecraft:deepslate_diamond_ore":7,"minecraft:oak_door":2,"minecraft:cobblestone_stairs":1,"minecraft:obsidian":10,"minecraft:lever":1,"minecraft:granite":9,"minecraft:budding_amethyst":1,"minecraft:grass_block":195,"minecraft:redstone_wire":3,"minecraft:composter":5,"minecraft:spawner":1,"minecraft:hay_block":11,"minecraft:magma_block":24,"minecraft:oak_trapdoor":16,"minecraft:furnace":5,"minecraft:barrel":15,"minecraft:iron_ore":6,"minecraft:cobbled_deepslate":3,"minecraft:andesite":18,"minecraft:gold_block":2,"minecraft:mossy_stone_brick_stairs":2,"minecraft:deepslate_iron_ore":12,"minecraft:dirt_path":106,"minecraft:oak_stairs":89,"minecraft:stripped_oak_log":8,"minecraft:bamboo":1,"minecraft:stone":134,"minecraft:tripwire":6,"minecraft:deepslate_redstone_ore":27,"minecraft:oak_slab":2,"minecraft:glass_pane":4,"minecraft:smoker":1,"minecraft:amethyst_cluster":1,"minecraft:deepslate_tile_slab":5,"minecraft:stone_brick_slab":6,"minecraft:crafting_table":4,"minecraft:short_grass":60,"minecraft:blast_furnace":10,"minecraft:calcite":8,"minecraft:poppy":1,"minecraft:chest":1,"minecraft:tall_grass":5,"minecraft:cobblestone":150,"minecraft:deepslate_gold_ore":13,"minecraft:sugar_cane":4,"minecraft:oak_planks":71,"minecraft:amethyst_block":11,"minecraft:smooth_stone_slab":5,"minecraft:yellow_bed":1,"minecraft:stone_brick_stairs":5,"minecraft:oak_log":57,"minecraft:coal_ore":27,"minecraft:dirt":237,"minecraft:cracked_stone_bricks":5,"minecraft:smooth_basalt":10,"minecraft:tripwire_hook":5,"minecraft:stonecutter":1,"minecraft:stone_bricks":4,"minecraft:netherrack":197,"minecraft:mossy_stone_bricks":2,"minecraft:oak_leaves":4,"minecraft:deepslate":119,"minecraft:fern":1}},"DataVersion":3700}