{"stats":{"minecraft:used":{"minecraft:iron_shovel":546,"minecraft:dispenser":1,"minecraft:oak_sign":6,"minecraft:chest":10,"minecraft:shield":58,"minecraft:rotten_flesh":3,"minecraft:deepslate_tile_slab":27,"minecraft:tuff":13,"minecraft:grass_block":66,"minecraft:furnace":6,"minecraft:egg":1,"minecraft:diamond_boots":1,"minecraft:stone_pickaxe":59,"minecraft:powered_rail":4,"minecraft:wooden_pickaxe":7,"minecraft:composter":5,"minecraft:sugar_cane":25,"minecraft:blast_furnace":18,"minecraft:dripstone_block":3,"minecraft:shears":44,"minecraft:deepslate_tiles":96,"minecraft:lever":10,"minecraft:bread":1,"minecraft:string":84,"minecraft:lectern":20,"minecraft:fire_charge":1,"minecraft:grindstone":6,"minecraft:smithing_table":2,"minecraft:oak_boat":1,"minecraft:oak_trapdoor":37,"minecraft:redstone":19,"minecraft:cooked_chicken":4,"minecraft:netherrack":6,"minecraft:dirt":461,"minecraft:bookshelf":3,"minecraft:iron_axe":450,"minecraft:barrel":39,"minecraft:tripwire_hook":13,"minecraft:cooked_beef":6,"minecraft:cobbled_deepslate":65,"minecraft:cooked_mutton":24,"minecraft:water_bucket":35,"minecraft:mossy_cobblestone":1,"minecraft:rail":4,"minecraft:crafting_table":5,"minecraft:oak_slab":32,"minecraft:white_bed":23,"minecraft:oak_log":12,"minecraft:diamond_pickaxe":882,"minecraft:diamond_shovel":362,"minecraft:oak_button":1,"minecraft:iron_pickaxe":250,"minecraft:stone_axe":83,"minecraft:cobblestone":113,"minecraft:bucket":35},"minecraft:dropped":{"minecraft:mossy_stone_brick_stairs":2,"minecraft:cracked_stone_bricks":5,"minecraft:cobblestone_stairs":4,"minecraft:dirt":58,"minecraft:amethyst_shard":4,"minecraft:oak_door":2,"minecraft:iron_nugget":12,"minecraft:cobbled_deepslate":6,"minecraft:rotten_flesh":3,"minecraft:oak_planks":7,"minecraft:diamond_shovel":2,"minecraft:mossy_stone_brick_slab":3,"minecraft:chainmail_chestplate":3,"minecraft:poppy":3,"minecraft:chainmail_boots":24,"minecraft:chest":3,"minecraft:arrow":2,"minecraft:stone_brick_stairs":5,"minecraft:netherrack":266,"minecraft:stone_hoe":52,"minecraft:bread":512,"minecraft:wheat_seeds":9,"minecraft:golden_helmet":1,"minecraft:mossy_cobblestone":7,"minecraft:dripstone_block":2,"minecraft:feather":3,"minecraft:cobblestone":76,"minecraft:granite":23,"minecraft:grass_block":8,"minecraft:stick":9,"minecraft:gray_wool":1,"minecraft:torch":5,"minecraft:fire_charge":1,"minecraft:oak_stairs":93,"minecraft:stonecutter":1,"minecraft:iron_axe":19,"minecraft:iron_shovel":9,"minecraft:string":155,"minecraft:stone_brick_slab":6,"minecraft:dandelion":1,"minecraft:smooth_basalt":10,"minecraft:smooth_stone_slab":7,"minecraft:stone_shovel":101,"minecraft:chicken":1,"minecraft:iron_boots":19,"minecraft:oak_sign":1,"minecraft:shield":20,"minecraft:andesite":18,"minecraft:mossy_stone_bricks":2,"minecraft:stone_bricks":4,"minecraft:diamond_boots":2,"minecraft:stone_pickaxe":4,"minecraft:wooden_pickaxe":1,"minecraft:calcite":8,"minecraft:magma_block":20,"minecraft:black_wool":1},"minecraft:custom":{"minecraft:interact_with_crafting_table":53,"minecraft:bell_ring":2,"minecraft:leave_game":6,"minecraft:time_since_death":267350,"minecraft:sprint_one_cm":396658,"minecraft:damage_blocked_by_shield":1861,"minecraft:drop":491,"minecraft:talked_to_villager":192,"minecraft:play_time":268533,"minecraft:deaths":1,"minecraft:jump":3490,"minecraft:walk_on_water_one_cm":38132,"minecraft:interact_with_furnace":37,"minecraft:traded_with_villager":1084,"minecraft:sleep_in_bed":18,"minecraft:damage_dealt":9650,"minecraft:crouch_one_cm":64340,"minecraft:inspect_dispenser":8,"minecraft:horse_one_cm":156,"minecraft:mob_kills":57,"minecraft:climb_one_cm":852,"minecraft:walk_one_cm":839360,"minecraft:sneak_time":16974,"minecraft:walk_under_water_one_cm":5730,"minecraft:boat_one_cm":12364,"minecraft:interact_with_blast_furnace":1,"minecraft:total_world_time":268533,"minecraft:interact_with_stonecutter":1,"minecraft:time_since_rest":12191,"minecraft:damage_taken":1667,"minecraft:swim_one_cm":36052,"minecraft:fly_one_cm":612855,"minecraft:open_chest":269,"minecraft:fall_one_cm":73162},"minecraft:crafted":{"minecraft:grindstone":1,"minecraft:oak_planks":212,"minecraft:oak_sign":6,"minecraft:barrel":7,"minecraft:cooked_chicken":4,"minecraft:stone":3,"minecraft:lever":2,"minecraft:diamond_shovel":3,"minecraft:bookshelf":4,"minecraft:cooked_mutton":24,"minecraft:iron_boots":10,"minecraft:diamond_helmet":1,"minecraft:bow":1,"minecraft:diamond_leggings":1,"minecraft:chest":10,"minecraft:oak_button":1,"minecraft:rail":16,"minecraft:stone_hoe":36,"minecraft:oak_slab":60,"minecraft:emerald":855,"minecraft:crafting_table":1,"minecraft:wooden_pickaxe":1,"minecraft:smithing_table":1,"minecraft:chainmail_chestplate":3,"minecraft:dispenser":1,"minecraft:lectern":1,"minecraft:book":3,"minecraft:paper":9,"minecraft:diamond_pickaxe":2,"minecraft:shield":13,"minecraft:stick":40,"minecraft:stone_slab":6,"minecraft:iron_ingot":7,"minecraft:iron_pickaxe":1,"minecraft:gold_ingot":9,"minecraft:deepslate_bricks":92,"minecraft:shears":1,"minecraft:deepslate_tile_slab":30,"minecraft:stone_shovel":58,"minecraft:tripwire_hook":4,"minecraft:furnace":1,"minecraft:oak_trapdoor":22,"minecraft:polished_deepslate":92,"minecraft:iron_axe":18,"minecraft:stone_pickaxe":1,"minecraft:diamond_boots":1,"minecraft:minecart":1,"minecraft:cooked_beef":8,"minecraft:powered_rail":6,"minecraft:bucket":1,"minecraft:stone_axe":1,"minecraft:deepslate_tiles":92,"minecraft:enchanted_book":1,"minecraft:bread":384,"minecraft:air":0,"minecraft:chainmail_boots":12,"minecraft:iron_shovel":9,"minecraft:white_bed":3,"minecraft:diamond_chestplate":1},"minecraft:picked_up":{"minecraft:chainmail_boots":24,"minecraft:smithing_table":1,"minecraft:oak_stairs":137,"minecraft:stone_brick_stairs":5,"minecraft:amethyst_block":11,"minecraft:string":23483,"minecraft:smooth_stone_slab":7,"minecraft:oak_sign":1,"minecraft:deepslate_tiles":51,"minecraft:cobbled_deepslate":163,"minecraft:calcite":8,"minecraft:iron_boots":18,"minecraft:furnace":5,"minecraft:golden_helmet":1,"minecraft:stick":5,"minecraft:composter":5,"minecraft:torch":7,"minecraft:rotten_flesh":6,"minecraft:obsidian":10,"minecraft:cobblestone":347,"minecraft:magma_block":35,"minecraft:feather":3,"minecraft:water_bucket":1,"minecraft:andesite":18,"minecraft:smoker":1,"minecraft:tuff":13,"minecraft:acacia_boat":2,"minecraft:dirt":701,"minecraft:stonecutter":2,"minecraft:wheat_seeds":9,"minecraft:raw_gold":13,"minecraft:grindstone":5,"minecraft:mossy_stone_bricks":2,"minecraft:bamboo":5,"minecraft:powered_rail":1,"minecraft:oak_planks":124,"minecraft:stone_hoe":16,"minecraft:mossy_stone_brick_stairs":2,"minecraft:grass_block":202,"minecraft:mossy_cobblestone":8,"minecraft:barrel":32,"minecraft:diamond":7,"minecraft:lever":9,"minecraft:granite":23,"minecraft:netherrack":308,"minecraft:crafting_table":4,"minecraft:chicken":9,"minecraft:gold_block":2,"minecraft:shield":18,"minecraft:oak_trapdoor":16,"minecraft:iron_axe":6,"minecraft:iron_shovel":6,"minecraft:cracked_stone_bricks":5,"minecraft:beef":8,"minecraft:oak_boat":1,"minecraft:iron_nugget":12,"minecraft:poppy":3,"minecraft:lectern":19,"minecraft:minecart":3,"minecraft:sugar_cane":42,"minecraft:chest":4,"minecraft:egg":1,"minecraft:raw_iron":25,"minecraft:oak_door":3,"minecraft:fire_charge":2,"minecraft:redstone":133,"minecraft:arrow":2,"minecraft:stone_shovel":43,"minecraft:diamond_boots":3,"minecraft:hay_block":12,"minecraft:mutton":26,"minecraft:white_wool":16,"minecraft:stripped_oak_log":8,"minecraft:tripwire_hook":9,"minecraft:leather":9,"minecraft:oak_log":86,"minecraft:chainmail_chestplate":3,"minecraft:yellow_bed":1,"minecraft:cobblestone_stairs":4,"minecraft:deepslate_tile_slab":14,"minecraft:stone_bricks":4,"minecraft:stone_pickaxe":3,"minecraft:iron_ingot":19,"minecraft:book":9,"minecraft:oak_slab":2,"minecraft:smooth_basalt":10,"minecraft:stone_brick_slab":6,"minecraft:dandelion":1,"minecraft:dripstone_block":5,"minecraft:amethyst_shard":4,"minecraft:blast_furnace":18,"minecraft:white_bed":24,"minecraft:mossy_stone_brick_slab":3,"minecraft:slime_ball":5,"minecraft:gray_wool":1,"minecraft:black_wool":1,"minecraft:coal":163},"minecraft:broken":{"minecraft:iron_shovel":2,"minecraft:stone_axe":1,"minecraft:iron_axe":1,"minecraft:iron_pickaxe":1},"minecraft:killed_by":{"minecraft:player":1},"minecraft:killed":{"minecraft:spider":1,"minecraft:skeleton":3,"minecraft:chicken":5,"minecraft:iron_golem":4,"minecraft:sheep":18,"minecraft:zombie":10,"minecraft:cow":4,"minecraft:slime":9,"minecraft:horse":3},"minecraft:mined":{"minecraft:large_amethyst_bud":2,"minecraft:white_bed":22,"minecraft:mossy_stone_brick_slab":4,"minecraft:cobblestone_stairs":4,"minecraft:obsidian":10,"minecraft:granite":18,"minecraft:budding_amethyst":1,"minecraft:grass_block":397,"minecraft:composter":5,"minecraft:spawner":1,"minecraft:magma_block":29,"minecraft:cobbled_deepslate":3,"minecraft:iron_ore":9,"minecraft:barrel":32,"minecraft:fire":1,"minecraft:dirt_path":160,"minecraft:oak_stairs":140,"minecraft:tripwire":7,"minecraft:deepslate_redstone_ore":27,"minecraft:smoker":1,"minecraft:amethyst_cluster":1,"minecraft:deepslate_tile_slab":13,"minecraft:blast_furnace":18,"minecraft:calcite":8,"minecraft:poppy":1,"minecraft:chest":4,"minecraft:cobblestone":190,"minecraft:grindstone":5,"minecraft:sugar_cane":16,"minecraft:oak_planks":101,"minecraft:amethyst_block":11,"minecraft:powered_rail":1,"minecraft:stone_brick_stairs":5,"minecraft:smooth_stone_slab":5,"minecraft:oak_log":87,"minecraft:dirt":358,"minecraft:smooth_basalt":10,"minecraft:tripwire_hook":5,"minecraft:stonecutter":1,"minecraft:netherrack":261,"minecraft:oak_leaves":4,"minecraft:deepslate":168,"minecraft:deepslate_tiles":51,"minecraft:tuff":13,"minecraft:mossy_cobblestone":8,"minecraft:deepslate_diamond_ore":7,"minecraft:oak_door":3,"minecraft:lever":7,"minecraft:redstone_wire":9,"minecraft:hay_block":11,"minecraft:oak_trapdoor":16,"minecraft:furnace":5,"minecraft:andesite":18,"minecraft:gold_block":2,"minecraft:mossy_stone_brick_stairs":2,"minecraft:bookshelf":3,"minecraft:deepslate_iron_ore":16,"minecraft:stripped_oak_log":8,"minecraft:bamboo":1,"minecraft:stone":163,"minecraft:smithing_table":1,"minecraft:oak_slab":2,"minecraft:glass_pane":7,"minecraft:stone_brick_slab":6,"minecraft:dandelion":1,"minecraft:crafting_table":4,"minecraft:short_grass":80,"minecraft:lectern":19,"minecraft:tall_grass":7,"minecraft:deepslate_gold_ore":13,"minecraft:yellow_bed":1,"minecraft:coal_ore":27,"minecraft:dripstone_block":3,"minecraft:cracked_stone_bricks":5,"minecraft:stone_bricks":4,"minecraft:mossy_stone_bricks":2,"minecraft:fern":1}},"DataVersion":3700}