{"stats":{"minecraft:used":{"minecraft:iron_shovel":546,"minecraft:dispenser":1,"minecraft:oak_sign":6,"minecraft:chest":10,"minecraft:shield":58,"minecraft:rotten_flesh":3,"minecraft:deepslate_tile_slab":23,"minecraft:tuff":13,"minecraft:grass_block":57,"minecraft:furnace":6,"minecraft:egg":1,"minecraft:diamond_boots":1,"minecraft:stone_pickaxe":59,"minecraft:powered_rail":4,"minecraft:wooden_pickaxe":7,"minecraft:composter":5,"minecraft:sugar_cane":25,"minecraft:blast_furnace":18,"minecraft:shears":23,"minecraft:deepslate_tiles":71,"minecraft:lever":4,"minecraft:bread":1,"minecraft:string":40,"minecraft:lectern":20,"minecraft:fire_charge":1,"minecraft:grindstone":6,"minecraft:smithing_table":2,"minecraft:oak_boat":1,"minecraft:oak_trapdoor":31,"minecraft:redstone":7,"minecraft:cooked_chicken":4,"minecraft:netherrack":6,"minecraft:dirt":409,"minecraft:bookshelf":3,"minecraft:iron_axe":432,"minecraft:barrel":27,"minecraft:tripwire_hook":11,"minecraft:cooked_beef":2,"minecraft:cobbled_deepslate":64,"minecraft:cooked_mutton":24,"minecraft:water_bucket":30,"minecraft:mossy_cobblestone":1,"minecraft:rail":4,"minecraft:crafting_table":5,"minecraft:oak_slab":32,"minecraft:white_bed":23,"minecraft:oak_log":12,"minecraft:diamond_pickaxe":792,"minecraft:diamond_shovel":271,"minecraft:oak_button":1,"minecraft:iron_pickaxe":250,"minecraft:stone_axe":83,"minecraft:cobblestone":112,"minecraft:bucket":30},"minecraft:dropped":{"minecraft:mossy_stone_brick_stairs":2,"minecraft:cracked_stone_bricks":5,"minecraft:cobblestone_stairs":4,"minecraft:dirt":58,"minecraft:amethyst_shard":4,"minecraft:oak_door":2,"minecraft:iron_nugget":12,"minecraft:cobbled_deepslate":6,"minecraft:rotten_flesh":1,"minecraft:oak_planks":7,"minecraft:diamond_shovel":2,"minecraft:mossy_stone_brick_slab":3,"minecraft:poppy":3,"minecraft:chainmail_boots":12,"minecraft:chest":1,"minecraft:arrow":2,"minecraft:stone_brick_stairs":5,"minecraft:netherrack":262,"minecraft:stone_hoe":52,"minecraft:bread":416,"minecraft:wheat_seeds":9,"minecraft:golden_helmet":1,"minecraft:mossy_cobblestone":7,"minecraft:feather":3,"minecraft:cobblestone":76,"minecraft:granite":9,"minecraft:stick":9,"minecraft:gray_wool":1,"minecraft:torch":5,"minecraft:fire_charge":1,"minecraft:oak_stairs":93,"minecraft:stonecutter":1,"minecraft:iron_axe":16,"minecraft:iron_shovel":6,"minecraft:string":95,"minecraft:stone_brick_slab":6,"minecraft:dandelion":1,"minecraft:smooth_basalt":10,"minecraft:smooth_stone_slab":7,"minecraft:stone_shovel":101,"minecraft:chicken":1,"minecraft:iron_boots":10,"minecraft:oak_sign":1,"minecraft:shield":8,"minecraft:andesite":18,"minecraft:mossy_stone_bricks":2,"minecraft:stone_bricks":4,"minecraft:diamond_boots":2,"minecraft:stone_pickaxe":4,"minecraft:wooden_pickaxe":1,"minecraft:calcite":8,"minecraft:magma_block":19,"minecraft:black_wool":1},"minecraft:custom":{"minecraft:interact_with_crafting_table":50,"minecraft:bell_ring":2,"minecraft:leave_game":5,"minecraft:time_since_death":241274,"minecraft:sprint_one_cm":357106,"minecraft:damage_blocked_by_shield":1861,"minecraft:drop":377,"minecraft:talked_to_villager":156,"minecraft:play_time":242457,"minecraft:deaths":1,"minecraft:jump":3073,"minecraft:walk_on_water_one_cm":32431,"minecraft:interact_with_furnace":35,"minecraft:traded_with_villager":775,"minecraft:sleep_in_bed":17,"minecraft:damage_dealt":9339,"minecraft:crouch_one_cm":57012,"minecraft:inspect_dispenser":4,"minecraft:horse_one_cm":156,"minecraft:mob_kills":55,"minecraft:climb_one_cm":852,"minecraft:walk_one_cm":754628,"minecraft:sneak_time":14584,"minecraft:walk_under_water_one_cm":4945,"minecraft:boat_one_cm":12364,"minecraft:interact_with_blast_furnace":1,"minecraft:total_world_time":242457,"minecraft:interact_with_stonecutter":1,"minecraft:time_since_rest":644,"minecraft:damage_taken":1429,"minecraft:swim_one_cm":36052,"minecraft:fly_one_cm":553158,"minecraft:open_chest":222,"minecraft:fall_one_cm":60527},"minecraft:crafted":{"minecraft:grindstone":1,"minecraft:oak_planks":180,"minecraft:oak_sign":6,"minecraft:barrel":7,"minecraft:cooked_chicken":4,"minecraft:stone":3,"minecraft:lever":2,"minecraft:diamond_shovel":3,"minecraft:bookshelf":4,"minecraft:cooked_mutton":24,"minecraft:iron_boots":10,"minecraft:diamond_helmet":1,"minecraft:bow":1,"minecraft:diamond_leggings":1,"minecraft:chest":10,"minecraft:oak_button":1,"minecraft:rail":16,"minecraft:stone_hoe":36,"minecraft:oak_slab":60,"minecraft:emerald":562,"minecraft:crafting_table":1,"minecraft:wooden_pickaxe":1,"minecraft:smithing_table":1,"minecraft:chainmail_chestplate":3,"minecraft:dispenser":1,"minecraft:lectern":1,"minecraft:book":3,"minecraft:paper":9,"minecraft:diamond_pickaxe":2,"minecraft:shield":13,"minecraft:stick":36,"minecraft:stone_slab":6,"minecraft:iron_ingot":6,"minecraft:iron_pickaxe":1,"minecraft:gold_ingot":9,"minecraft:deepslate_bricks":44,"minecraft:shears":1,"minecraft:deepslate_tile_slab":30,"minecraft:stone_shovel":58,"minecraft:tripwire_hook":2,"minecraft:furnace":1,"minecraft:oak_trapdoor":16,"minecraft:polished_deepslate":44,"minecraft:iron_axe":18,"minecraft:stone_pickaxe":1,"minecraft:diamond_boots":1,"minecraft:minecart":1,"minecraft:cooked_beef":8,"minecraft:powered_rail":6,"minecraft:bucket":1,"minecraft:stone_axe":1,"minecraft:deepslate_tiles":44,"minecraft:enchanted_book":1,"minecraft:bread":288,"minecraft:air":0,"minecraft:chainmail_boots":12,"minecraft:iron_shovel":9,"minecraft:white_bed":3,"minecraft:diamond_chestplate":1},"minecraft:picked_up":{"minecraft:chainmail_boots":12,"minecraft:smithing_table":1,"minecraft:oak_stairs":137,"minecraft:stone_brick_stairs":5,"minecraft:amethyst_block":11,"minecraft:string":18814,"minecraft:smooth_stone_slab":7,"minecraft:oak_sign":1,"minecraft:deepslate_tiles":44,"minecraft:cobbled_deepslate":114,"minecraft:calcite":8,"minecraft:iron_boots":9,"minecraft:furnace":5,"minecraft:golden_helmet":1,"minecraft:stick":5,"minecraft:composter":5,"minecraft:torch":7,"minecraft:rotten_flesh":4,"minecraft:obsidian":10,"minecraft:cobblestone":346,"minecraft:magma_block":33,"minecraft:feather":3,"minecraft:water_bucket":1,"minecraft:andesite":18,"minecraft:smoker":1,"minecraft:tuff":13,"minecraft:acacia_boat":2,"minecraft:dirt":635,"minecraft:stonecutter":2,"minecraft:wheat_seeds":9,"minecraft:raw_gold":13,"minecraft:grindstone":5,"minecraft:mossy_stone_bricks":2,"minecraft:bamboo":5,"minecraft:powered_rail":1,"minecraft:oak_planks":124,"minecraft:stone_hoe":16,"minecraft:mossy_stone_brick_stairs":2,"minecraft:grass_block":173,"minecraft:mossy_cobblestone":8,"minecraft:barrel":22,"minecraft:diamond":7,"minecraft:lever":3,"minecraft:granite":9,"minecraft:netherrack":303,"minecraft:crafting_table":4,"minecraft:chicken":9,"minecraft:gold_block":2,"minecraft:shield":6,"minecraft:oak_trapdoor":16,"minecraft:iron_axe":3,"minecraft:iron_shovel":3,"minecraft:cracked_stone_bricks":5,"minecraft:beef":8,"minecraft:oak_boat":1,"minecraft:iron_nugget":12,"minecraft:poppy":3,"minecraft:lectern":19,"minecraft:minecart":1,"minecraft:sugar_cane":42,"minecraft:chest":2,"minecraft:egg":1,"minecraft:raw_iron":18,"minecraft:oak_door":3,"minecraft:fire_charge":2,"minecraft:redstone":127,"minecraft:arrow":2,"minecraft:stone_shovel":43,"minecraft:diamond_boots":3,"minecraft:hay_block":12,"minecraft:mutton":26,"minecraft:white_wool":16,"minecraft:stripped_oak_log":8,"minecraft:tripwire_hook":9,"minecraft:leather":9,"minecraft:oak_log":86,"minecraft:yellow_bed":1,"minecraft:cobblestone_stairs":4,"minecraft:deepslate_tile_slab":12,"minecraft:stone_bricks":4,"minecraft:stone_pickaxe":3,"minecraft:iron_ingot":19,"minecraft:book":9,"minecraft:oak_slab":2,"minecraft:smooth_basalt":10,"minecraft:stone_brick_slab":6,"minecraft:dandelion":1,"minecraft:amethyst_shard":4,"minecraft:blast_furnace":18,"minecraft:white_bed":24,"minecraft:mossy_stone_brick_slab":3,"minecraft:slime_ball":5,"minecraft:gray_wool":1,"minecraft:black_wool":1,"minecraft:coal":163},"minecraft:broken":{"minecraft:iron_shovel":2,"minecraft:stone_axe":1,"minecraft:iron_axe":1,"minecraft:iron_pickaxe":1},"minecraft:killed_by":{"minecraft:player":1},"minecraft:killed":{"minecraft:spider":1,"minecraft:skeleton":3,"minecraft:chicken":5,"minecraft:iron_golem":4,"minecraft:sheep":18,"minecraft:zombie":8,"minecraft:cow":4,"minecraft:slime":9,"minecraft:horse":3},"minecraft:mined":{"minecraft:large_amethyst_bud":2,"minecraft:white_bed":22,"minecraft:mossy_stone_brick_slab":4,"minecraft:cobblestone_stairs":4,"minecraft:obsidian":10,"minecraft:granite":9,"minecraft:budding_amethyst":1,"minecraft:grass_block":376,"minecraft:composter":5,"minecraft:spawner":1,"minecraft:magma_block":27,"minecraft:cobbled_deepslate":3,"minecraft:iron_ore":6,"minecraft:barrel":22,"minecraft:fire":1,"minecraft:dirt_path":119,"minecraft:oak_stairs":140,"minecraft:tripwire":6,"minecraft:deepslate_redstone_ore":27,"minecraft:smoker":1,"minecraft:amethyst_cluster":1,"minecraft:deepslate_tile_slab":11,"minecraft:blast_furnace":18,"minecraft:calcite":8,"minecraft:poppy":1,"minecraft:chest":2,"minecraft:cobblestone":190,"minecraft:grindstone":5,"minecraft:sugar_cane":16,"minecraft:oak_planks":101,"minecraft:amethyst_block":11,"minecraft:powered_rail":1,"minecraft:stone_brick_stairs":5,"minecraft:smooth_stone_slab":5,"minecraft:oak_log":87,"minecraft:dirt":331,"minecraft:smooth_basalt":10,"minecraft:tripwire_hook":5,"minecraft:stonecutter":1,"minecraft:netherrack":256,"minecraft:oak_leaves":4,"minecraft:deepslate":119,"minecraft:deepslate_tiles":44,"minecraft:tuff":13,"minecraft:mossy_cobblestone":8,"minecraft:deepslate_diamond_ore":7,"minecraft:oak_door":3,"minecraft:lever":1,"minecraft:redstone_wire":3,"minecraft:hay_block":11,"minecraft:oak_trapdoor":16,"minecraft:furnace":5,"minecraft:andesite":18,"minecraft:gold_block":2,"minecraft:mossy_stone_brick_stairs":2,"minecraft:bookshelf":3,"minecraft:deepslate_iron_ore":12,"minecraft:stripped_oak_log":8,"minecraft:bamboo":1,"minecraft:stone":162,"minecraft:smithing_table":1,"minecraft:oak_slab":2,"minecraft:glass_pane":7,"minecraft:stone_brick_slab":6,"minecraft:dandelion":1,"minecraft:crafting_table":4,"minecraft:short_grass":78,"minecraft:lectern":19,"minecraft:tall_grass":7,"minecraft:deepslate_gold_ore":13,"minecraft:yellow_bed":1,"minecraft:coal_ore":27,"minecraft:cracked_stone_bricks":5,"minecraft:stone_bricks":4,"minecraft:mossy_stone_bricks":2,"minecraft:fern":1}},"DataVersion":3700}