{"stats":{"minecraft:mined":{"minecraft:white_bed":3,"minecraft:mossy_cobblestone":6,"minecraft:oak_door":2,"minecraft:brewing_stand":1,"minecraft:acacia_log":73,"minecraft:grass_block":225,"minecraft:jungle_log":33,"minecraft:oxeye_daisy":1,"minecraft:hay_block":59,"minecraft:magma_block":1,"minecraft:azure_bluet":4,"minecraft:bookshelf":2,"minecraft:oak_sign":1,"minecraft:vine":9,"minecraft:dirt_path":105,"minecraft:oak_stairs":53,"minecraft:stripped_oak_log":16,"minecraft:stone":16,"minecraft:tripwire":2,"minecraft:acacia_leaves":4,"minecraft:glass_pane":8,"minecraft:red_bed":1,"minecraft:smoker":1,"minecraft:dandelion":12,"minecraft:crafting_table":2,"minecraft:oak_fence":3,"minecraft:cornflower":3,"minecraft:short_grass":187,"minecraft:poppy":3,"minecraft:lectern":27,"minecraft:tall_grass":14,"minecraft:cobblestone":43,"minecraft:sugar_cane":289,"minecraft:oak_planks":116,"minecraft:white_terracotta":31,"minecraft:stripped_oak_wood":1,"minecraft:yellow_bed":2,"minecraft:oak_log":20,"minecraft:cocoa":1,"minecraft:dirt":94,"minecraft:acacia_planks":2,"minecraft:netherrack":3,"minecraft:oak_leaves":3,"minecraft:fern":4},"minecraft:dropped":{"minecraft:water_bucket":2,"minecraft:emerald":8,"minecraft:string":55,"minecraft:yellow_bed":1,"minecraft:wooden_pickaxe":1},"minecraft:custom":{"minecraft:mob_kills":20,"minecraft:interact_with_anvil":5,"minecraft:interact_with_crafting_table":26,"minecraft:open_barrel":2,"minecraft:leave_game":9,"minecraft:time_since_death":142939,"minecraft:climb_one_cm":911,"minecraft:sprint_one_cm":322291,"minecraft:walk_one_cm":420058,"minecraft:drop":6,"minecraft:talked_to_villager":141,"minecraft:play_time":142939,"minecraft:sneak_time":971,"minecraft:walk_under_water_one_cm":349,"minecraft:boat_one_cm":2274,"minecraft:jump":1127,"minecraft:walk_on_water_one_cm":9110,"minecraft:total_world_time":142939,"minecraft:interact_with_furnace":6,"minecraft:traded_with_villager":372,"minecraft:interact_with_cartography_table":1,"minecraft:sleep_in_bed":9,"minecraft:time_since_rest":29715,"minecraft:open_enderchest":1,"minecraft:damage_taken":145,"minecraft:damage_dealt":1920,"minecraft:swim_one_cm":7565,"minecraft:fly_one_cm":236498,"minecraft:open_chest":148,"minecraft:crouch_one_cm":3082,"minecraft:interact_with_smoker":8,"minecraft:fall_one_cm":23155,"minecraft:inspect_dispenser":1,"minecraft:horse_one_cm":26253},"minecraft:killed":{"minecraft:skeleton":2,"minecraft:chicken":4,"minecraft:pig":1,"minecraft:sheep":3,"minecraft:zombie":1,"minecraft:villager":1,"minecraft:cow":8},"minecraft:crafted":{"minecraft:oak_planks":152,"minecraft:stone_shovel":1,"minecraft:oak_sign":3,"minecraft:diamond_shovel":1,"minecraft:bookshelf":13,"minecraft:cooked_mutton":6,"minecraft:diamond_helmet":1,"minecraft:diamond_leggings":1,"minecraft:iron_axe":1,"minecraft:stone_pickaxe":1,"minecraft:chest":17,"minecraft:diamond_boots":1,"minecraft:wheat":540,"minecraft:cooked_beef":14,"minecraft:oak_slab":246,"minecraft:item_frame":1,"minecraft:emerald":346,"minecraft:diamond_axe":1,"minecraft:crafting_table":2,"minecraft:wooden_pickaxe":1,"minecraft:iron_sword":1,"minecraft:stone_axe":1,"minecraft:enchanted_book":5,"minecraft:bread":128,"minecraft:acacia_boat":4,"minecraft:air":0,"minecraft:lectern":11,"minecraft:diamond_pickaxe":1,"minecraft:stick":232,"minecraft:iron_ingot":13,"minecraft:iron_pickaxe":1,"minecraft:stone_sword":1,"minecraft:iron_shovel":3,"minecraft:white_bed":1,"minecraft:acacia_planks":244,"minecraft:diamond_chestplate":1},"minecraft:picked_up":{"minecraft:cocoa_beans":12,"minecraft:crafting_table":2,"minecraft:azure_bluet":3,"minecraft:chicken":4,"minecraft:brown_mushroom":6,"minecraft:oak_stairs":53,"minecraft:brewing_stand":1,"minecraft:cornflower":3,"minecraft:string":2237,"minecraft:red_bed":1,"minecraft:oak_sign":1,"minecraft:beef":14,"minecraft:jungle_sapling":1,"minecraft:poppy":5,"minecraft:lectern":27,"minecraft:sugar_cane":472,"minecraft:golden_helmet":1,"minecraft:oak_door":2,"minecraft:oak_fence":3,"minecraft:torch":9,"minecraft:acacia_log":72,"minecraft:porkchop":1,"minecraft:rotten_flesh":2,"minecraft:arrow":1,"minecraft:hay_block":58,"minecraft:white_terracotta":31,"minecraft:mutton":6,"minecraft:cobblestone":59,"minecraft:white_wool":3,"minecraft:oxeye_daisy":1,"minecraft:stripped_oak_log":16,"minecraft:feather":5,"minecraft:water_bucket":1,"minecraft:jungle_log":31,"minecraft:leather":8,"minecraft:smoker":1,"minecraft:oak_log":19,"minecraft:yellow_bed":3,"minecraft:dirt":291,"minecraft:bone":3,"minecraft:acacia_planks":2,"minecraft:wheat_seeds":30,"minecraft:stripped_oak_wood":1,"minecraft:oak_planks":143,"minecraft:book":6,"minecraft:dandelion":14,"minecraft:grass_block":133,"minecraft:white_bed":3,"minecraft:mossy_stone_brick_slab":1,"minecraft:mossy_cobblestone":6,"minecraft:emerald":241,"minecraft:melon_seeds":1,"minecraft:netherrack":8},"minecraft:used":{"minecraft:stone_sword":70,"minecraft:iron_shovel":148,"minecraft:oak_sign":2,"minecraft:chest":3,"minecraft:iron_sword":10,"minecraft:torch":1,"minecraft:brewing_stand":1,"minecraft:dirt":97,"minecraft:bookshelf":2,"minecraft:iron_axe":44,"minecraft:grass_block":105,"minecraft:item_frame":1,"minecraft:cooked_beef":9,"minecraft:acacia_planks":12,"minecraft:acacia_boat":2,"minecraft:water_bucket":44,"minecraft:stone_pickaxe":28,"minecraft:wooden_pickaxe":21,"minecraft:sugar_cane":90,"minecraft:diamond_axe":365,"minecraft:oak_slab":28,"minecraft:crafting_table":2,"minecraft:white_bed":4,"minecraft:smoker":1,"minecraft:diamond_pickaxe":93,"minecraft:diamond_shovel":316,"minecraft:string":2,"minecraft:lectern":27,"minecraft:stone_axe":54,"minecraft:bucket":44,"minecraft:yellow_bed":1}},"DataVersion":3700}