{"stats":{"minecraft:used":{"minecraft:acacia_boat":2,"minecraft:water_bucket":13,"minecraft:stone_sword":70,"minecraft:iron_shovel":148,"minecraft:stone_pickaxe":28,"minecraft:chest":2,"minecraft:wooden_pickaxe":21,"minecraft:torch":1,"minecraft:dirt":59,"minecraft:crafting_table":2,"minecraft:white_bed":4,"minecraft:smoker":1,"minecraft:stone_axe":54,"minecraft:bucket":13,"minecraft:yellow_bed":1,"minecraft:cooked_beef":4},"minecraft:dropped":{"minecraft:water_bucket":2,"minecraft:yellow_bed":1,"minecraft:wooden_pickaxe":1,"minecraft:string":55},"minecraft:custom":{"minecraft:interact_with_furnace":2,"minecraft:mob_kills":16,"minecraft:traded_with_villager":16,"minecraft:interact_with_cartography_table":1,"minecraft:interact_with_crafting_table":12,"minecraft:open_barrel":1,"minecraft:leave_game":3,"minecraft:time_since_death":40260,"minecraft:sleep_in_bed":3,"minecraft:time_since_rest":6781,"minecraft:sprint_one_cm":95509,"minecraft:damage_taken":120,"minecraft:walk_one_cm":123688,"minecraft:drop":5,"minecraft:damage_dealt":1290,"minecraft:talked_to_villager":13,"minecraft:swim_one_cm":1680,"minecraft:fly_one_cm":68188,"minecraft:open_chest":37,"minecraft:crouch_one_cm":1776,"minecraft:play_time":40260,"minecraft:sneak_time":722,"minecraft:walk_under_water_one_cm":230,"minecraft:boat_one_cm":2274,"minecraft:jump":400,"minecraft:walk_on_water_one_cm":6644,"minecraft:interact_with_smoker":8,"minecraft:total_world_time":40260,"minecraft:fall_one_cm":8855,"minecraft:horse_one_cm":26253},"minecraft:crafted":{"minecraft:cooked_beef":14,"minecraft:stone_shovel":1,"minecraft:emerald":16,"minecraft:crafting_table":2,"minecraft:wooden_pickaxe":1,"minecraft:stone_axe":1,"minecraft:acacia_boat":4,"minecraft:bread":128,"minecraft:cooked_mutton":6,"minecraft:air":0,"minecraft:stick":40,"minecraft:iron_ingot":13,"minecraft:iron_pickaxe":1,"minecraft:stone_pickaxe":1,"minecraft:stone_sword":1,"minecraft:chest":2,"minecraft:iron_shovel":3,"minecraft:white_bed":1,"minecraft:acacia_planks":204,"minecraft:wheat":540},"minecraft:picked_up":{"minecraft:crafting_table":2,"minecraft:feather":5,"minecraft:chicken":4,"minecraft:water_bucket":1,"minecraft:leather":8,"minecraft:smoker":1,"minecraft:brewing_stand":1,"minecraft:yellow_bed":2,"minecraft:string":55,"minecraft:dirt":154,"minecraft:red_bed":1,"minecraft:wheat_seeds":9,"minecraft:beef":14,"minecraft:poppy":2,"minecraft:sugar_cane":7,"minecraft:torch":1,"minecraft:acacia_log":51,"minecraft:porkchop":1,"minecraft:white_bed":3,"minecraft:hay_block":58,"minecraft:melon_seeds":1,"minecraft:mutton":6,"minecraft:cobblestone":16,"minecraft:white_wool":3},"minecraft:killed":{"minecraft:pig":1,"minecraft:sheep":3,"minecraft:chicken":4,"minecraft:cow":8},"minecraft:mined":{"minecraft:white_bed":3,"minecraft:glass_pane":2,"minecraft:red_bed":1,"minecraft:smoker":1,"minecraft:brewing_stand":1,"minecraft:crafting_table":2,"minecraft:short_grass":22,"minecraft:acacia_log":52,"minecraft:grass_block":85,"minecraft:tall_grass":3,"minecraft:sugar_cane":3,"minecraft:hay_block":59,"minecraft:yellow_bed":1,"minecraft:dirt_path":10,"minecraft:dirt":57,"minecraft:stone":16}},"DataVersion":3700}