{"stats":{"minecraft:mined":{"minecraft:white_bed":3,"minecraft:glass_pane":2,"minecraft:red_bed":1,"minecraft:smoker":1,"minecraft:brewing_stand":1,"minecraft:crafting_table":2,"minecraft:short_grass":22,"minecraft:acacia_log":52,"minecraft:grass_block":86,"minecraft:lectern":27,"minecraft:tall_grass":3,"minecraft:sugar_cane":3,"minecraft:hay_block":59,"minecraft:yellow_bed":1,"minecraft:dirt_path":10,"minecraft:dirt":57,"minecraft:stone":16,"minecraft:tripwire":2},"minecraft:dropped":{"minecraft:water_bucket":2,"minecraft:emerald":8,"minecraft:yellow_bed":1,"minecraft:wooden_pickaxe":1,"minecraft:string":55},"minecraft:custom":{"minecraft:interact_with_furnace":2,"minecraft:mob_kills":18,"minecraft:traded_with_villager":100,"minecraft:interact_with_cartography_table":1,"minecraft:interact_with_crafting_table":18,"minecraft:open_barrel":1,"minecraft:leave_game":3,"minecraft:time_since_death":60493,"minecraft:sleep_in_bed":4,"minecraft:time_since_rest":10038,"minecraft:sprint_one_cm":135235,"minecraft:damage_taken":122,"minecraft:walk_one_cm":181022,"minecraft:drop":6,"minecraft:damage_dealt":1603,"minecraft:swim_one_cm":1680,"minecraft:talked_to_villager":74,"minecraft:fly_one_cm":80127,"minecraft:open_chest":75,"minecraft:crouch_one_cm":2382,"minecraft:play_time":60493,"minecraft:sneak_time":807,"minecraft:walk_under_water_one_cm":230,"minecraft:boat_one_cm":2274,"minecraft:jump":499,"minecraft:walk_on_water_one_cm":6879,"minecraft:interact_with_smoker":8,"minecraft:total_world_time":60493,"minecraft:fall_one_cm":10225,"minecraft:horse_one_cm":26253},"minecraft:killed":{"minecraft:pig":1,"minecraft:sheep":3,"minecraft:zombie":1,"minecraft:chicken":4,"minecraft:villager":1,"minecraft:cow":8},"minecraft:picked_up":{"minecraft:crafting_table":2,"minecraft:feather":5,"minecraft:chicken":4,"minecraft:water_bucket":1,"minecraft:leather":8,"minecraft:smoker":1,"minecraft:brewing_stand":1,"minecraft:yellow_bed":2,"minecraft:string":327,"minecraft:dirt":154,"minecraft:red_bed":1,"minecraft:wheat_seeds":9,"minecraft:beef":14,"minecraft:poppy":2,"minecraft:lectern":27,"minecraft:oak_planks":27,"minecraft:sugar_cane":7,"minecraft:torch":1,"minecraft:acacia_log":51,"minecraft:porkchop":1,"minecraft:grass_block":4,"minecraft:white_bed":3,"minecraft:rotten_flesh":2,"minecraft:hay_block":58,"minecraft:emerald":241,"minecraft:netherrack":2,"minecraft:melon_seeds":1,"minecraft:mutton":6,"minecraft:cobblestone":16,"minecraft:white_wool":3},"minecraft:crafted":{"minecraft:cooked_beef":14,"minecraft:oak_slab":54,"minecraft:stone_shovel":1,"minecraft:emerald":80,"minecraft:crafting_table":2,"minecraft:wooden_pickaxe":1,"minecraft:iron_sword":1,"minecraft:diamond_shovel":1,"minecraft:stone_axe":1,"minecraft:bookshelf":12,"minecraft:acacia_boat":4,"minecraft:bread":128,"minecraft:cooked_mutton":6,"minecraft:air":0,"minecraft:diamond_helmet":1,"minecraft:diamond_leggings":1,"minecraft:diamond_pickaxe":1,"minecraft:iron_axe":1,"minecraft:stick":40,"minecraft:iron_ingot":13,"minecraft:iron_pickaxe":1,"minecraft:stone_pickaxe":1,"minecraft:stone_sword":1,"minecraft:diamond_boots":1,"minecraft:chest":2,"minecraft:iron_shovel":3,"minecraft:white_bed":1,"minecraft:acacia_planks":204,"minecraft:diamond_chestplate":1,"minecraft:wheat":540},"minecraft:used":{"minecraft:acacia_boat":2,"minecraft:water_bucket":14,"minecraft:stone_sword":70,"minecraft:iron_shovel":148,"minecraft:stone_pickaxe":28,"minecraft:chest":2,"minecraft:wooden_pickaxe":21,"minecraft:iron_sword":4,"minecraft:torch":1,"minecraft:brewing_stand":1,"minecraft:dirt":59,"minecraft:crafting_table":2,"minecraft:white_bed":4,"minecraft:smoker":1,"minecraft:diamond_shovel":1,"minecraft:iron_axe":33,"minecraft:string":2,"minecraft:lectern":27,"minecraft:stone_axe":54,"minecraft:bucket":14,"minecraft:yellow_bed":1,"minecraft:cooked_beef":5}},"DataVersion":3700}