{"stats":{"minecraft:mined":{"minecraft:white_bed":3,"minecraft:glass_pane":5,"minecraft:red_bed":1,"minecraft:mossy_cobblestone":1,"minecraft:oak_door":1,"minecraft:smoker":1,"minecraft:dandelion":12,"minecraft:brewing_stand":1,"minecraft:crafting_table":2,"minecraft:cornflower":3,"minecraft:short_grass":148,"minecraft:acacia_log":52,"minecraft:grass_block":150,"minecraft:poppy":2,"minecraft:lectern":27,"minecraft:tall_grass":13,"minecraft:cobblestone":24,"minecraft:oak_planks":24,"minecraft:sugar_cane":130,"minecraft:oxeye_daisy":1,"minecraft:hay_block":59,"minecraft:magma_block":1,"minecraft:yellow_bed":1,"minecraft:azure_bluet":3,"minecraft:bookshelf":2,"minecraft:oak_log":7,"minecraft:dirt_path":32,"minecraft:oak_stairs":50,"minecraft:dirt":59,"minecraft:stone":16,"minecraft:netherrack":3,"minecraft:tripwire":2,"minecraft:fern":4},"minecraft:dropped":{"minecraft:water_bucket":2,"minecraft:emerald":8,"minecraft:yellow_bed":1,"minecraft:wooden_pickaxe":1,"minecraft:string":55},"minecraft:custom":{"minecraft:interact_with_anvil":5,"minecraft:interact_with_furnace":6,"minecraft:mob_kills":18,"minecraft:traded_with_villager":242,"minecraft:interact_with_crafting_table":24,"minecraft:interact_with_cartography_table":1,"minecraft:open_barrel":1,"minecraft:leave_game":4,"minecraft:time_since_death":97429,"minecraft:sleep_in_bed":7,"minecraft:time_since_rest":20084,"minecraft:sprint_one_cm":215360,"minecraft:damage_taken":122,"minecraft:walk_one_cm":296009,"minecraft:drop":6,"minecraft:damage_dealt":1603,"minecraft:swim_one_cm":1680,"minecraft:talked_to_villager":126,"minecraft:fly_one_cm":125123,"minecraft:open_chest":117,"minecraft:crouch_one_cm":2470,"minecraft:play_time":97429,"minecraft:sneak_time":840,"minecraft:walk_under_water_one_cm":230,"minecraft:boat_one_cm":2274,"minecraft:jump":673,"minecraft:walk_on_water_one_cm":8070,"minecraft:total_world_time":97429,"minecraft:interact_with_smoker":8,"minecraft:inspect_dispenser":1,"minecraft:fall_one_cm":11955,"minecraft:horse_one_cm":26253},"minecraft:killed":{"minecraft:pig":1,"minecraft:sheep":3,"minecraft:zombie":1,"minecraft:chicken":4,"minecraft:villager":1,"minecraft:cow":8},"minecraft:picked_up":{"minecraft:crafting_table":2,"minecraft:azure_bluet":3,"minecraft:feather":5,"minecraft:chicken":4,"minecraft:water_bucket":1,"minecraft:brown_mushroom":6,"minecraft:leather":8,"minecraft:smoker":1,"minecraft:oak_stairs":50,"minecraft:oak_log":7,"minecraft:brewing_stand":1,"minecraft:yellow_bed":2,"minecraft:dirt":182,"minecraft:cornflower":3,"minecraft:string":339,"minecraft:red_bed":1,"minecraft:wheat_seeds":26,"minecraft:beef":14,"minecraft:poppy":4,"minecraft:lectern":27,"minecraft:sugar_cane":232,"minecraft:oak_planks":51,"minecraft:book":6,"minecraft:oak_door":1,"minecraft:torch":3,"minecraft:acacia_log":51,"minecraft:dandelion":11,"minecraft:porkchop":1,"minecraft:white_bed":3,"minecraft:grass_block":57,"minecraft:mossy_cobblestone":1,"minecraft:mossy_stone_brick_slab":1,"minecraft:rotten_flesh":2,"minecraft:hay_block":58,"minecraft:emerald":241,"minecraft:netherrack":8,"minecraft:melon_seeds":1,"minecraft:mutton":6,"minecraft:white_wool":3,"minecraft:cobblestone":40},"minecraft:crafted":{"minecraft:cooked_beef":14,"minecraft:oak_planks":56,"minecraft:item_frame":1,"minecraft:oak_slab":246,"minecraft:stone_shovel":1,"minecraft:emerald":216,"minecraft:diamond_axe":1,"minecraft:crafting_table":2,"minecraft:wooden_pickaxe":1,"minecraft:iron_sword":1,"minecraft:diamond_shovel":1,"minecraft:stone_axe":1,"minecraft:bookshelf":13,"minecraft:enchanted_book":5,"minecraft:cooked_mutton":6,"minecraft:acacia_boat":4,"minecraft:bread":128,"minecraft:air":0,"minecraft:lectern":11,"minecraft:diamond_helmet":1,"minecraft:diamond_leggings":1,"minecraft:diamond_pickaxe":1,"minecraft:iron_axe":1,"minecraft:stick":168,"minecraft:iron_ingot":13,"minecraft:iron_pickaxe":1,"minecraft:stone_pickaxe":1,"minecraft:stone_sword":1,"minecraft:chest":3,"minecraft:iron_shovel":3,"minecraft:diamond_boots":1,"minecraft:white_bed":1,"minecraft:acacia_planks":204,"minecraft:wheat":540,"minecraft:diamond_chestplate":1},"minecraft:used":{"minecraft:acacia_boat":2,"minecraft:water_bucket":44,"minecraft:stone_sword":70,"minecraft:iron_shovel":148,"minecraft:stone_pickaxe":28,"minecraft:chest":3,"minecraft:wooden_pickaxe":21,"minecraft:iron_sword":4,"minecraft:diamond_axe":74,"minecraft:sugar_cane":90,"minecraft:torch":1,"minecraft:brewing_stand":1,"minecraft:dirt":79,"minecraft:oak_slab":28,"minecraft:crafting_table":2,"minecraft:white_bed":4,"minecraft:smoker":1,"minecraft:diamond_pickaxe":31,"minecraft:diamond_shovel":126,"minecraft:bookshelf":2,"minecraft:iron_axe":44,"minecraft:grass_block":6,"minecraft:string":2,"minecraft:lectern":27,"minecraft:item_frame":1,"minecraft:stone_axe":54,"minecraft:bucket":44,"minecraft:yellow_bed":1,"minecraft:cooked_beef":6}},"DataVersion":3700}