{"stats":{"minecraft:mined":{"minecraft:acacia_leaves":4,"minecraft:white_bed":3,"minecraft:glass_pane":8,"minecraft:red_bed":1,"minecraft:mossy_cobblestone":6,"minecraft:oak_door":2,"minecraft:smoker":1,"minecraft:oak_fence":3,"minecraft:dandelion":12,"minecraft:brewing_stand":1,"minecraft:crafting_table":2,"minecraft:cornflower":3,"minecraft:short_grass":185,"minecraft:acacia_log":73,"minecraft:grass_block":224,"minecraft:poppy":3,"minecraft:lectern":27,"minecraft:tall_grass":14,"minecraft:cobblestone":43,"minecraft:oak_planks":116,"minecraft:sugar_cane":202,"minecraft:oxeye_daisy":1,"minecraft:hay_block":59,"minecraft:white_terracotta":31,"minecraft:magma_block":1,"minecraft:stripped_oak_wood":1,"minecraft:yellow_bed":2,"minecraft:azure_bluet":4,"minecraft:bookshelf":2,"minecraft:oak_log":8,"minecraft:dirt_path":86,"minecraft:oak_stairs":53,"minecraft:dirt":92,"minecraft:stripped_oak_log":16,"minecraft:stone":16,"minecraft:netherrack":3,"minecraft:tripwire":2,"minecraft:fern":4},"minecraft:dropped":{"minecraft:water_bucket":2,"minecraft:emerald":8,"minecraft:yellow_bed":1,"minecraft:wooden_pickaxe":1,"minecraft:string":55},"minecraft:custom":{"minecraft:interact_with_anvil":5,"minecraft:interact_with_furnace":6,"minecraft:mob_kills":18,"minecraft:traded_with_villager":242,"minecraft:interact_with_crafting_table":25,"minecraft:interact_with_cartography_table":1,"minecraft:open_barrel":2,"minecraft:leave_game":4,"minecraft:time_since_death":121429,"minecraft:sleep_in_bed":9,"minecraft:time_since_rest":8205,"minecraft:sprint_one_cm":253068,"minecraft:damage_taken":122,"minecraft:walk_one_cm":374324,"minecraft:drop":6,"minecraft:damage_dealt":1603,"minecraft:swim_one_cm":1680,"minecraft:talked_to_villager":130,"minecraft:fly_one_cm":148484,"minecraft:open_chest":126,"minecraft:crouch_one_cm":2955,"minecraft:play_time":121429,"minecraft:sneak_time":917,"minecraft:walk_under_water_one_cm":230,"minecraft:boat_one_cm":2274,"minecraft:jump":811,"minecraft:walk_on_water_one_cm":8070,"minecraft:total_world_time":121429,"minecraft:interact_with_smoker":8,"minecraft:inspect_dispenser":1,"minecraft:fall_one_cm":15150,"minecraft:horse_one_cm":26253},"minecraft:killed":{"minecraft:pig":1,"minecraft:sheep":3,"minecraft:zombie":1,"minecraft:chicken":4,"minecraft:villager":1,"minecraft:cow":8},"minecraft:crafted":{"minecraft:cooked_beef":14,"minecraft:oak_planks":88,"minecraft:item_frame":1,"minecraft:oak_slab":246,"minecraft:stone_shovel":1,"minecraft:emerald":216,"minecraft:diamond_axe":1,"minecraft:crafting_table":2,"minecraft:wooden_pickaxe":1,"minecraft:iron_sword":1,"minecraft:diamond_shovel":1,"minecraft:stone_axe":1,"minecraft:bookshelf":13,"minecraft:enchanted_book":5,"minecraft:cooked_mutton":6,"minecraft:acacia_boat":4,"minecraft:bread":128,"minecraft:air":0,"minecraft:lectern":11,"minecraft:diamond_helmet":1,"minecraft:diamond_leggings":1,"minecraft:diamond_pickaxe":1,"minecraft:iron_axe":1,"minecraft:stick":168,"minecraft:iron_ingot":13,"minecraft:iron_pickaxe":1,"minecraft:stone_pickaxe":1,"minecraft:stone_sword":1,"minecraft:chest":17,"minecraft:iron_shovel":3,"minecraft:diamond_boots":1,"minecraft:white_bed":1,"minecraft:acacia_planks":244,"minecraft:wheat":540,"minecraft:diamond_chestplate":1},"minecraft:picked_up":{"minecraft:stripped_oak_log":16,"minecraft:crafting_table":2,"minecraft:azure_bluet":3,"minecraft:feather":5,"minecraft:chicken":4,"minecraft:water_bucket":1,"minecraft:brown_mushroom":6,"minecraft:leather":8,"minecraft:smoker":1,"minecraft:oak_stairs":53,"minecraft:oak_log":8,"minecraft:brewing_stand":1,"minecraft:yellow_bed":3,"minecraft:dirt":270,"minecraft:cornflower":3,"minecraft:string":2169,"minecraft:red_bed":1,"minecraft:wheat_seeds":30,"minecraft:beef":14,"minecraft:stripped_oak_wood":1,"minecraft:poppy":5,"minecraft:lectern":27,"minecraft:sugar_cane":300,"minecraft:oak_planks":143,"minecraft:book":6,"minecraft:oak_door":2,"minecraft:oak_fence":3,"minecraft:torch":9,"minecraft:acacia_log":72,"minecraft:dandelion":14,"minecraft:porkchop":1,"minecraft:white_bed":3,"minecraft:grass_block":132,"minecraft:mossy_cobblestone":6,"minecraft:mossy_stone_brick_slab":1,"minecraft:rotten_flesh":2,"minecraft:hay_block":58,"minecraft:white_terracotta":31,"minecraft:oxeye_daisy":1,"minecraft:emerald":241,"minecraft:netherrack":8,"minecraft:melon_seeds":1,"minecraft:mutton":6,"minecraft:white_wool":3,"minecraft:cobblestone":59},"minecraft:used":{"minecraft:acacia_boat":2,"minecraft:water_bucket":44,"minecraft:stone_sword":70,"minecraft:iron_shovel":148,"minecraft:stone_pickaxe":28,"minecraft:chest":3,"minecraft:wooden_pickaxe":21,"minecraft:iron_sword":4,"minecraft:diamond_axe":216,"minecraft:sugar_cane":90,"minecraft:torch":1,"minecraft:brewing_stand":1,"minecraft:dirt":97,"minecraft:oak_slab":28,"minecraft:crafting_table":2,"minecraft:white_bed":4,"minecraft:smoker":1,"minecraft:diamond_pickaxe":93,"minecraft:diamond_shovel":294,"minecraft:bookshelf":2,"minecraft:iron_axe":44,"minecraft:grass_block":105,"minecraft:string":2,"minecraft:lectern":27,"minecraft:item_frame":1,"minecraft:stone_axe":54,"minecraft:bucket":44,"minecraft:acacia_planks":9,"minecraft:yellow_bed":1,"minecraft:cooked_beef":7}},"DataVersion":3700}