{"stats":{"minecraft:mined":{"minecraft:white_bed":3,"minecraft:glass_pane":2,"minecraft:red_bed":1,"minecraft:smoker":1,"minecraft:dandelion":3,"minecraft:brewing_stand":1,"minecraft:cornflower":1,"minecraft:crafting_table":2,"minecraft:short_grass":79,"minecraft:acacia_log":52,"minecraft:grass_block":114,"minecraft:poppy":1,"minecraft:lectern":27,"minecraft:tall_grass":3,"minecraft:sugar_cane":48,"minecraft:hay_block":59,"minecraft:yellow_bed":1,"minecraft:azure_bluet":1,"minecraft:bookshelf":1,"minecraft:dirt_path":10,"minecraft:dirt":59,"minecraft:stone":16,"minecraft:fern":3,"minecraft:tripwire":2},"minecraft:dropped":{"minecraft:water_bucket":2,"minecraft:emerald":8,"minecraft:yellow_bed":1,"minecraft:wooden_pickaxe":1,"minecraft:string":55},"minecraft:custom":{"minecraft:interact_with_furnace":2,"minecraft:mob_kills":18,"minecraft:traded_with_villager":204,"minecraft:interact_with_cartography_table":1,"minecraft:interact_with_crafting_table":22,"minecraft:open_barrel":1,"minecraft:leave_game":3,"minecraft:time_since_death":72493,"minecraft:sleep_in_bed":6,"minecraft:time_since_rest":8692,"minecraft:sprint_one_cm":183582,"minecraft:damage_taken":122,"minecraft:walk_one_cm":230684,"minecraft:drop":6,"minecraft:damage_dealt":1603,"minecraft:swim_one_cm":1680,"minecraft:talked_to_villager":101,"minecraft:fly_one_cm":104216,"minecraft:open_chest":93,"minecraft:crouch_one_cm":2445,"minecraft:play_time":72493,"minecraft:sneak_time":832,"minecraft:walk_under_water_one_cm":230,"minecraft:boat_one_cm":2274,"minecraft:jump":586,"minecraft:walk_on_water_one_cm":7899,"minecraft:interact_with_smoker":8,"minecraft:total_world_time":72493,"minecraft:inspect_dispenser":1,"minecraft:fall_one_cm":11537,"minecraft:horse_one_cm":26253},"minecraft:killed":{"minecraft:pig":1,"minecraft:sheep":3,"minecraft:zombie":1,"minecraft:chicken":4,"minecraft:villager":1,"minecraft:cow":8},"minecraft:picked_up":{"minecraft:azure_bluet":1,"minecraft:crafting_table":2,"minecraft:feather":5,"minecraft:chicken":4,"minecraft:water_bucket":1,"minecraft:leather":8,"minecraft:smoker":1,"minecraft:brewing_stand":1,"minecraft:yellow_bed":2,"minecraft:cornflower":1,"minecraft:string":327,"minecraft:dirt":161,"minecraft:red_bed":1,"minecraft:wheat_seeds":15,"minecraft:beef":14,"minecraft:poppy":3,"minecraft:lectern":27,"minecraft:oak_planks":27,"minecraft:sugar_cane":74,"minecraft:book":3,"minecraft:dandelion":3,"minecraft:torch":1,"minecraft:acacia_log":51,"minecraft:porkchop":1,"minecraft:grass_block":25,"minecraft:white_bed":3,"minecraft:rotten_flesh":2,"minecraft:hay_block":58,"minecraft:emerald":241,"minecraft:netherrack":2,"minecraft:melon_seeds":1,"minecraft:mutton":6,"minecraft:cobblestone":16,"minecraft:white_wool":3},"minecraft:crafted":{"minecraft:cooked_beef":14,"minecraft:item_frame":1,"minecraft:oak_slab":54,"minecraft:stone_shovel":1,"minecraft:emerald":182,"minecraft:crafting_table":2,"minecraft:wooden_pickaxe":1,"minecraft:iron_sword":1,"minecraft:diamond_shovel":1,"minecraft:stone_axe":1,"minecraft:bookshelf":12,"minecraft:enchanted_book":2,"minecraft:acacia_boat":4,"minecraft:bread":128,"minecraft:cooked_mutton":6,"minecraft:air":0,"minecraft:lectern":11,"minecraft:diamond_helmet":1,"minecraft:diamond_leggings":1,"minecraft:diamond_pickaxe":1,"minecraft:iron_axe":1,"minecraft:stick":168,"minecraft:iron_ingot":13,"minecraft:iron_pickaxe":1,"minecraft:stone_pickaxe":1,"minecraft:stone_sword":1,"minecraft:diamond_boots":1,"minecraft:chest":3,"minecraft:iron_shovel":3,"minecraft:white_bed":1,"minecraft:acacia_planks":204,"minecraft:diamond_chestplate":1,"minecraft:wheat":540},"minecraft:used":{"minecraft:acacia_boat":2,"minecraft:water_bucket":42,"minecraft:stone_sword":70,"minecraft:iron_shovel":148,"minecraft:stone_pickaxe":28,"minecraft:chest":3,"minecraft:wooden_pickaxe":21,"minecraft:iron_sword":4,"minecraft:sugar_cane":52,"minecraft:torch":1,"minecraft:brewing_stand":1,"minecraft:dirt":65,"minecraft:crafting_table":2,"minecraft:white_bed":4,"minecraft:smoker":1,"minecraft:bookshelf":1,"minecraft:diamond_shovel":26,"minecraft:iron_axe":34,"minecraft:string":2,"minecraft:lectern":27,"minecraft:item_frame":1,"minecraft:stone_axe":54,"minecraft:bucket":42,"minecraft:yellow_bed":1,"minecraft:cooked_beef":6}},"DataVersion":3700}