{"stats":{"minecraft:mined":{"minecraft:hay_block":59,"minecraft:white_bed":1,"minecraft:glass_pane":2,"minecraft:red_bed":1,"minecraft:smoker":1,"minecraft:brewing_stand":1,"minecraft:crafting_table":2,"minecraft:short_grass":7,"minecraft:acacia_log":52,"minecraft:grass_block":2,"minecraft:dirt":6,"minecraft:stone":16,"minecraft:sugar_cane":3},"minecraft:dropped":{"minecraft:wooden_pickaxe":1,"minecraft:string":55},"minecraft:custom":{"minecraft:time_since_rest":6356,"minecraft:sprint_one_cm":67442,"minecraft:damage_taken":30,"minecraft:walk_one_cm":55092,"minecraft:mob_kills":16,"minecraft:drop":2,"minecraft:damage_dealt":1290,"minecraft:talked_to_villager":3,"minecraft:interact_with_crafting_table":5,"minecraft:swim_one_cm":1680,"minecraft:interact_with_cartography_table":1,"minecraft:fly_one_cm":48933,"minecraft:open_barrel":1,"minecraft:open_chest":13,"minecraft:crouch_one_cm":1776,"minecraft:play_time":26438,"minecraft:sneak_time":707,"minecraft:walk_under_water_one_cm":230,"minecraft:jump":258,"minecraft:leave_game":2,"minecraft:time_since_death":26438,"minecraft:walk_on_water_one_cm":672,"minecraft:sleep_in_bed":2,"minecraft:total_world_time":26438,"minecraft:interact_with_smoker":7,"minecraft:fall_one_cm":6916,"minecraft:horse_one_cm":26253},"minecraft:killed":{"minecraft:sheep":3,"minecraft:pig":1,"minecraft:chicken":4,"minecraft:cow":8},"minecraft:picked_up":{"minecraft:crafting_table":2,"minecraft:feather":5,"minecraft:chicken":4,"minecraft:leather":8,"minecraft:torch":1,"minecraft:acacia_log":51,"minecraft:smoker":1,"minecraft:porkchop":1,"minecraft:brewing_stand":1,"minecraft:white_bed":1,"minecraft:dirt":8,"minecraft:string":55,"minecraft:red_bed":1,"minecraft:wheat_seeds":4,"minecraft:hay_block":58,"minecraft:beef":14,"minecraft:poppy":2,"minecraft:melon_seeds":1,"minecraft:sugar_cane":7,"minecraft:mutton":6,"minecraft:white_wool":3,"minecraft:cobblestone":16},"minecraft:crafted":{"minecraft:cooked_beef":14,"minecraft:stone_shovel":1,"minecraft:crafting_table":2,"minecraft:stick":12,"minecraft:stone_pickaxe":1,"minecraft:wooden_pickaxe":1,"minecraft:stone_sword":1,"minecraft:chest":2,"minecraft:white_bed":1,"minecraft:acacia_planks":204,"minecraft:stone_axe":1,"minecraft:cooked_mutton":6,"minecraft:air":0,"minecraft:wheat":522},"minecraft:used":{"minecraft:stone_sword":70,"minecraft:stone_pickaxe":28,"minecraft:chest":2,"minecraft:wooden_pickaxe":21,"minecraft:stone_axe":54,"minecraft:crafting_table":2,"minecraft:white_bed":2,"minecraft:cooked_beef":2,"minecraft:smoker":1}},"DataVersion":3700}